gridid,forest_px_sum,dist_px_sum,rate
21,3710.274658203125,13.794871794871796,0.003718019032465001
22,10800.3564453125,42.794871794871796,0.003962357354737616
30,325444.9375,1068.4033375275442,0.0032829004676944596
31,200433.734375,712.4599977150941,0.003554591246512039
32,117315.3359375,141.21358705178287,0.0012037095229136515
42,1426094,22973.557823768027,0.016109427445713975
43,872870.9375,9804.129932892629,0.011232049907598888
44,354566.40625,2255.823193672376,0.006362202267074973
45,177911.171875,544.8996229416285,0.0030627622605087093
46,10478.4580078125,55.38461538461539,0.005285569245333796
59,115442.4765625,785.9810736240485,0.0068084217961013865
60,244395,2879.6708319248296,0.011782854935349862
61,367093.15625,2304.981241470728,0.006279009025984063
67,993805.5625,7101.284096742288,0.0071455467394229725
68,733907.375,5085.560510879908,0.006929430993767992
72,244786.21875,2126.9588963435244,0.008689046741294641
73,35022.89453125,415.0298443085108,0.011850243957939875
79,17098.1640625,114.8784570204906,0.006718759780323087
80,186331.703125,4682.270291841947,0.02512868295257765
81,561971.25,9199.820184169672,0.016370624269781902
82,516806.6875,2279.1373901367188,0.004410038502330175
83,997719.375,3507.215335161258,0.0035152322617381846
84,1587942.5,3235.591483091697,0.0020375999024471584
85,777046.875,2117.489983974359,0.0027250479373903394
86,73167.5703125,237.84504582331732,0.003250689407991503
98,124097.5546875,1318.960227770683,0.010628414323650958
99,708661.3125,9045.461907802484,0.012764153691263462
100,1322136.375,13059.023493840145,0.009877213682922947
101,1433523.625,13961.784279847756,0.009739486700017069
104,0,0,NA
105,395911.78125,3883.6928992638223,0.009809490606725466
106,4102035.75,28749.40393379407,0.007008569814096347
107,1290018.25,6288.577035757212,0.004874796954040931
108,32541.8359375,174.23076923076923,0.005354054687184757
111,114084.7421875,420.8173047090188,0.003688637907577502
112,108636.1484375,500.424738468268,0.004606429311659275
118,2514389.5,91291.75626001603,0.03630772251475598
119,1421258.875,23982.03461788862,0.016873797616840647
120,3645626.75,54656.38381410256,0.014992314782116014
121,2754575.75,24870.22333233173,0.009028694648289027
122,3470218.5,25912.6920322516,0.007467164396781241
123,3137827.5,14317.962740384615,0.004563017801451678
124,2409373.75,6886.09064816206,0.002858041699907314
125,2731194,20722.142869215746,0.007587210161275891
126,160718.9375,2425.4015186016377,0.015090950427678367
128,65659.1796875,920.8813263330704,0.014025172576263317
129,10711.8896484375,89.84334192520532,0.008387254244941779
133,1541895,12975.882537059295,0.008415542262643886
134,1340274,10108.467502691807,0.007542090276086686
139,10583.146484375,69.12033491868239,0.006531170575852081
140,3521301.75,40112.252629206734,0.011391313632581114
141,8447.92578125,131.6344491029397,0.015581866189579895
143,0,0,NA
144,2148147.5,12191.614561423277,0.005675408491001329
145,3841683.5,10085.382537059295,0.0026252507623439813
146,2206358.75,15686.199847881611,0.007109541840320216
147,536188.5,3721.0596720377603,0.006939834912605847
148,2324.807861328125,5.360276662386381,0.002305685881208326
157,2299096.5,59440.2242588141,0.025853731784992104
158,1483001.25,26152.84467648237,0.01763507932072368
159,1591691.5,19392.85344050481,0.012183801597548777
160,1755378.625,14633.864958934295,0.008336586050735518
161,3876667,29663.355568910258,0.007651767760529924
162,601368.4375,1334.6543469551282,0.0022193621476104294
163,1914746.875,9841.663567958734,0.0051399293015995835
164,4868060.5,54731.72413361378,0.011243024636529021
165,435577.84375,5424.337335048578,0.01245319846470859
167,582945.8125,5270.532323592748,0.00904120453492879
168,327276.09375,3382.1275754097182,0.010334172400606998
172,1277690.125,9992.524733323316,0.007820773235860546
173,3148077.75,25470.725830078125,0.008090882072425983
178,2864871.75,30485.47991786859,0.010641132510685195
179,2012455.625,14836.349959935897,0.007372261915060063
180,18763.6875,239.56410256410257,0.012767431911456774
181,9049.8447265625,64.50912319085536,0.007128202211195126
182,1989337.25,11185.790614983975,0.0056228729517752585
183,5550820,21241.72563601763,0.0038267725554094042
184,2652374.25,15709.830259665465,0.005922931222720725
185,1108284.625,10886.528846153846,0.00982286373065389
187,320332.46875,1652.2972580347305,0.005158069878093588
188,85916.875,465.5405995295598,0.005418500143651172
196,1981651.875,73985.63228665866,0.03733533282007903
197,4063218.25,154696.58102964744,0.03807242720216849
198,1396876.625,24686.787998297277,0.017672847806653846
199,3229783.75,20121.85798527644,0.006230094502542606
200,2801347.25,19267.28789813702,0.006877864890950959
201,897369.3125,2704.383969037961,0.003013680021555184
202,5408191.5,19649.36430789263,0.003633259714988389
203,3504243.25,17315.596410506812,0.004941322612380523
204,3722285.75,22140.60985076122,0.005948122024420403
205,337031.4375,2995.063194861779,0.00888659887955342
211,537531.0625,4377.006532326723,0.008142797389177342
212,2112431,16825.713053385418,0.007965094743158672
214,0,0,NA
215,467164.125,4796.156929211739,0.010266535190842703
216,1936863.75,19509.11967898638,0.010072530749251917
217,2421269.75,19314.4661708734,0.00797699891590906
218,749933.1875,9634.50912084335,0.012847156628660802
219,104958.171875,1648.3178304036458,0.015704521153119082
220,181168.40625,2518.5152697440903,0.013901514739102533
221,2904864.75,21288.68891476362,0.007328633429409621
222,4157429.5,22690.7642978766,0.005457883121740633
223,2158705.75,11859.76938726963,0.005493925880018446
224,1819976.25,14256.779872796475,0.007833497757345171
225,45022.64453125,91.2848977309007,0.0020275330043649543
226,29877.662109375,67.72624177199144,0.0022667851829926253
235,903963.125,38048.32431578025,0.04209057124512712
236,7287213.5,344667.7243589744,0.04729760207505576
237,3553564.5,102171.8515625,0.028751933885680137
238,2473920.5,30882.66609074519,0.012483289616923904
239,2108050.5,17612.779947916668,0.008355008548379969
240,4033372.75,20599.53039863782,0.005107271674465947
241,3025219.25,19629.955603966348,0.006488771220124408
242,1626779.375,6594.856376452323,0.004053934096903781
243,1031655.625,3231.2965400891426,0.0031321464854991146
244,3404894.25,24007.983673878207,0.007051021826559873
245,4757533.5,46903.22658754006,0.00985872755021905
246,330845.5,3448.992455115685,0.010424782731261828
250,1766451.75,14953.861127804486,0.008465479528554622
251,3086343.75,24874.14416816907,0.008059421173733181
252,56931.296875,788.6884262867463,0.013853336733544178
253,1065401.875,14652.312757443158,0.013752850545192779
254,4180328.5,26675.372880984574,0.006381166666922127
255,3552970.75,22604.72746394231,0.006362204772989564
256,808147.25,7869.41146459335,0.009737596044029538
257,4832.3115234375,48.36949497614151,0.010009597837710082
259,644689.4375,6695.726697090345,0.010385972388589576
260,5199448,34965.214668469554,0.006724793606642389
261,5081735.5,36694.529747596156,0.007220865735258389
262,4333638.5,33959.01685196314,0.007836144351210453
263,3919985.25,28872.65840344551,0.007365501797091076
264,1815262.875,8554.919374123598,0.004712771627703562
265,1075898.75,9348.838363256209,0.008689329142966482
275,4304639,202519.82932692306,0.04704687880375638
276,3811863.5,104955.5078125,0.02753391033348912
277,2676844,52675.808253361625,0.01967832576472952
278,848062.625,9536.5882036258,0.011245146198520187
279,2436500.5,16256.285919971955,0.0066719813601400675
280,4862161.5,52892.987379807695,0.010878492493473878
281,2217396,13421.077993539664,0.006052630199359818
282,4877862.5,12221.228956956129,0.0025054476129567262
283,5904781,27856.761505909457,0.004717662095496761
284,7234242,43884.194536258015,0.006066177290759421
285,505145.0625,5192.971987993289,0.010280159846149717
287,834563.3125,11998.95294971955,0.014377522675632295
288,80562.1484375,1162.5796538132888,0.014430842230023402
289,180448.078125,2902.8921336638623,0.016087132452876393
290,1020172.6875,18737.8721194145,0.01836735324225635
291,2746355.5,40005.36758814102,0.014566711260847702
292,3436989.25,45217.1734775641,0.013156041578414625
293,4235452.5,19692.241536458332,0.004649383161883726
294,92629.9609375,210.0588897802891,0.002267720807115763
296,432037.5625,4972.579489683493,0.011509599908187366
297,2697868.5,33025.61693709936,0.012241373861290629
298,5718580,47308.477989783656,0.008272766664064096
299,5174950,44968.394230769234,0.008689628736658177
300,4640478,37501.818171574516,0.0080814558697562
301,6274884.5,36145.742362780446,0.005760383695154938
302,7566059.5,42589.3938301282,0.0056290059350086
303,5234518,34478.44815454727,0.006586747462621635
304,2217164.75,19751.08790314503,0.008908263539344576
314,4460617.5,191029.68389423078,0.042825838327144344
315,7668381,263089.7239583333,0.03430837929914193
316,6649877,188605.5680088141,0.028362264145459247
317,4143148,57414.09202223558,0.013857601037239214
318,4988372.5,61174.5719150641,0.012263432996446055
319,5561537.5,75823.57892628205,0.013633564266406915
320,5209564.5,30297.442407852563,0.005815734195795553
321,3869316.25,13393.136549729566,0.0034613703518624425
322,2445267.75,12023.787027994791,0.004917165831019851
323,3252139.75,19319.554030198316,0.005940566985228208
324,4081279.25,28939.802077073316,0.00709086546260546
325,1703680.5,15225.99934739333,0.00893712133665516
326,5645903.5,56314.0680088141,0.00997432350886162
327,4567094,33792.99717047276,0.007399233992221916
328,1395686.875,7559.672954852765,0.005416453425380793
329,764301.9375,3843.0936185396636,0.005028240057993656
330,4650759,30668.08130508814,0.006594209956931362
331,4849302.5,32030.91095753205,0.0066052614695684695
332,649968.25,1865.2193767841045,0.002869708446195802
334,994300.1875,10660.32391826923,0.010721434082269275
335,3856654.5,34376.21487505008,0.008913480550318957
336,6546831.5,42795.817933693914,0.006536874812448421
337,7667119.5,65682.11927834536,0.008566726953759539
338,7583303.5,68517.4756234976,0.009035307056284586
339,6800957,55366.6823417468,0.008141013439983049
340,6186833.5,47342.465770232375,0.007652131865231605
341,6442346.5,55555.479066506414,0.008623485102284768
342,5372823,46387.08407201523,0.008633652006033927
343,2997902.5,32322.54210486779,0.010781718920100901
344,2162483.75,13443.264748597756,0.0062165853262933215
353,3433188.5,138448.75380608975,0.04032658090462838
354,6103484,184168.25080128206,0.03017428255751667
355,5485178,131510.4802684295,0.02397560849774237
356,2589565.25,35097.636192908656,0.013553485934717674
357,701820.3125,18696.03660857372,0.026639349525201608
358,20155.423828125,201.00042939797427,0.009972523084208085
359,1834989.125,77890.73858173077,0.04244752054415078
360,7479150,332249.62620192306,0.04442344734387237
361,2254462.25,16293.184595352564,0.007227082465165502
362,3794851.75,18214.265174278848,0.004799730364770863
363,5570062,54439.33944310898,0.009773560768822498
364,5765154.5,41453.1393729968,0.007190291148831622
365,5519278.5,23510.52100861378,0.004259709128396724
366,4072912.75,26481.01031650641,0.006501737685519144
367,3787684.25,21399.85600711138,0.005649852150984174
368,5186850,20007.77537810497,0.0038574038921705793
369,1833453.125,11965.409705528846,0.006526160686834492
370,183962.484375,1592.2557537372295,0.00865532860760611
371,296799.90625,3899.6846876878003,0.013139103502286906
372,1634160.375,9673.306876940605,0.00591943546357291
373,6342575,30808.338635566906,0.004857386571789361
374,6868886,36656.08934294872,0.005336540647631759
375,7360784,44764.22191756811,0.006081447562863971
376,6068356.5,37421.853396684695,0.006166719670587036
377,4447438.5,51569.46786107773,0.011595318937198958
378,6720445.5,64574.64297876602,0.009608684867508564
379,1606119.375,22502.341471354168,0.01401037919199136
380,954057.0625,16465.831599308895,0.017258749236824494
381,2310743.75,26612.654697516027,0.011516921639414162
382,3629617.5,27750.302145933492,0.00764551695762253
383,1574116.25,13736.845502804486,0.008726703318642753
393,494259.78125,10560.762294671475,0.021366825089354717
398,61897.703125,1528.3003884339944,0.024690744749407766
399,4331250,140556.02123397434,0.03245160663410663
400,4856814,41497.25220352564,0.008544130412143771
401,5746075.5,57877.80759214744,0.010072580423307602
402,4710377.5,30083.790364583332,0.006386704752343805
403,3926407.75,25170.52283653846,0.006410572828697799
404,5080471.5,22218.496619591348,0.004373313898048901
405,3909360.5,17683.83368389423,0.004523459446601108
406,4171911,26135.30310997596,0.006264587885498028
407,3073970.5,13615.34551532452,0.0044292375334521
408,4266242,18519.919521233973,0.004341038206748228
409,1518910.125,6965.990944886819,0.004586177174167444
410,2379681.5,20118.260623247195,0.008454182050516927
411,8131656,33839.95902819511,0.004161508926127115
412,6371318.5,36637.24815368652,0.005750340083247529
413,5977602,34899.032151442305,0.0058382997314713
414,3705806.5,35179.65309495192,0.009493116571238115
415,1570766,17903.374787159457,0.011397862436008582
416,1717445.25,25592.703181340145,0.014901612253048617
417,7675190,41440.94961939102,0.0053993385987045305
418,4530697.5,39550.0701559996,0.008729355724146138
419,2444830.75,19569.168914012418,0.008004304148257469
420,1275000.25,12419.138321314103,0.009740498734266212
421,1508212.75,22714.66642878606,0.015060651376131159
422,318662.375,6746.872635278946,0.02117247960409178
438,1044289.75,7764.823949569311,0.007435507194788908
439,2087506.75,11917.718737479969,0.0057090683598891205
440,3630287.25,30942.22303185096,0.008523353911415952
441,2651442.75,12487.863118489584,0.004709836981579023
442,2598213.5,16631.245517828527,0.006401031138445138
443,5068014.5,21566.00604717548,0.004255316563750061
444,4381916,20533.593599759617,0.004685985217370579
445,4175359.5,21711.280611478367,0.0051998589849516835
446,4123575,22871.06994941907,0.005546417841173998
447,5270316,40492.821739783656,0.007683186689333933
448,6617076.5,48089.408879206734,0.007267470593578106
449,7513316,53436.00961538462,0.007112173854445176
450,7703890,42803.09958433494,0.005556037220720303
451,5096753,17524.28748497596,0.003438323867171111
452,4179019.75,41118.113243689906,0.00983917657811737
453,2630628.75,32912.73084435096,0.012511355258453311
454,1026423,22135.85624499199,0.021566017368075334
455,1219787.25,7442.336935972556,0.0061013401607309435
456,7374563.5,43040.96177634215,0.005836408049960129
457,7508779.5,54848.9143379407,0.007304637769419212
458,7081951.5,41399.136067708336,0.005845724313094821
459,5648401,36798.43176582532,0.0065148405302359585
460,539852.625,14703.280476888021,0.027235730264140185
461,2045016.625,24133.49708283253,0.011801125129157583
462,538131.0625,9610.569103925656,0.017859160664834613
476,187916.578125,1802.034912109375,0.00958954728789645
477,756828.875,3518.52787898137,0.004649040219271985
478,2262106.5,15754.441356169871,0.006964500281560515
479,3437794.75,25617.31883513622,0.007451671986856172
480,3152570,13963.253443008814,0.00442916523439886
481,4244460.5,22031.82881360176,0.005190725373366477
482,4419069.5,19595.31676933093,0.00443426308849203
483,5086018,22819.860251402242,0.004486783226367316
484,4630486.5,21039.01153094952,0.004543585545697957
485,4406491.5,20485.64579577324,0.0046489697746547876
486,5456901.5,35509.85717147436,0.006507329694603129
487,5949342,35385.785807291664,0.005947848654068242
488,7150218,61980.37184495192,0.008668319182009825
489,8655856,81587.2526542468,0.009425671205048558
490,5810528.5,39126.307091346156,0.006733691623979842
491,3625477.5,37291.235414162664,0.01028588245663162
492,1893885.875,31908.090920472758,0.016847948095326894
493,1514763,38335.25979066506,0.025307760877883247
494,739959.375,8483.905489408053,0.011465366580980277
495,6693070.5,38384.71827423878,0.005734993867797864
496,2967689.75,15326.35067983774,0.0051644046281582295
497,5833591.5,45685.802308693914,0.007831505224302029
498,6795471.5,43887.249198717946,0.006458308183430384
499,904161.9375,19592.416514861277,0.02166914542878695
500,566698.5,8906.340732672275,0.015716189001157187
501,227506.6875,3567.3727000309873,0.015680298189172954
503,368.471923828125,0.5128205128205128,0.0013917492206535651
504,2318124.25,9616.646885016025,0.004148460499913249
505,119094.234375,556.5613681108524,0.004673285579538387
514,302278.53125,1563.1919719989482,0.005171362867004628
515,1716899.125,15621.221479366986,0.009098508614690444
516,873198.875,3829.619913736979,0.004385736197538023
517,2087675,15258.727889623397,0.0073089575195484915
518,2202577.75,14635.522598657853,0.0066447246180789095
519,3283036.25,14337.247771434295,0.004367069590362974
520,3238479,11412.522248096955,0.003524037749850147
521,4581900,17792.59564052484,0.003883235260596006
522,6247097.5,42726.081380208336,0.006839349214608598
523,5466716,27067.2464443109,0.004951280886790333
524,4233728.5,21745.34447616186,0.0051362160979764905
525,3373819.75,22477.25294220753,0.0066622566135038875
526,3127541.5,18823.63072165465,0.006018666969456568
527,4140292,28608.71068709936,0.006909829231150692
528,6240473.5,43111.24551782852,0.006908329234605119
529,4183749,31261.016451322117,0.007472010498555749
530,1823559.25,15736.806477864584,0.008629720409613554
531,3968687.25,26655.69666466346,0.00671650220476896
532,3318086.25,29407.74888571715,0.008862864515868794
533,1532894.75,28660.904935396633,0.01869724254414508
534,2715089.25,14760.617932441906,0.005436512973723389
535,6028558,45878.53956330128,0.00761020123938449
536,8946211,81537.57907652244,0.009114202546365432
537,3455508.75,14922.281850961539,0.004318403723029652
538,2049518.75,14227.995445838342,0.006942115287229425
539,496168.125,3227.265688382662,0.0065043793137309295
540,43938.1328125,261.63847360855493,0.005954701687599278
541,58148.5390625,360.30985162197015,0.006196369804488072
542,8765.1923828125,43.1025641025641,0.004917469260239297
543,77763.296875,281.84866489508215,0.00362444335851832
544,419828.28125,1128.4302462064302,0.002687837615052119
545,10038.01953125,81.35897435897436,0.00810508229294539
552,9395.3330078125,45.91347342271071,0.004886838325425217
553,1899866.5,12882.217936197916,0.006780591129007178
554,1398033.5,6826.916328625802,0.004883227997487758
555,980926.75,3777.979777018229,0.003851439240512331
556,1613764.625,8789.302665514824,0.005446458875943463
557,2588033.25,10483.356025891426,0.004050703763520591
558,2618884,8758.048378186348,0.0033441910287688756
559,1840984.125,9894.916097005209,0.005374797078712023
560,3872705.75,18197.59754356971,0.004698936278226072
561,3765346.75,18809.4700771234,0.00499541511737887
562,5103162,30457.273462540063,0.005968314049708801
563,4043810.75,18776.09785657051,0.00464316928198742
564,4047155.5,21206.516689202723,0.005239857151325844
565,4584589,22901.89439352965,0.004995408398338357
566,5922597,55425.23096955128,0.00935826478984663
567,4612398,50107.9944160657,0.01086376206391246
568,3055587,33667.42482972756,0.011018316555780465
569,4921439.5,30171.836939102563,0.0061306934564780416
570,7668058,45960.32004957933,0.0059937366213947945
571,6800735,50448.55505058093,0.007418103344797427
572,3760304.5,18000.62054286859,0.004787011409014507
573,6509197,31015.81537960737,0.00476492190658961
574,8380316.5,51863.077824519234,0.0061886776978553534
575,4608721.5,29675.356219951922,0.0064389562745225375
576,964584,5068.077738444011,0.00525415903482124
577,1157271.5,6830.929935553135,0.005902616573166396
578,592228.4375,1847.8938363882212,0.003120238271888491
579,79879.5703125,233.80790818043243,0.0029270050810957463
580,99503.453125,458.5961360442333,0.004608846443430736
581,254436.75,1441.4314426519932,0.005665185719641495
582,20245,437.64102564102564,0.0216172400909373
583,0.5388270616531372,0,0
584,88.980499267578125,0,0
594,507630.59375,4100.7723545172275,0.00807826085544559
595,296526.6875,917.8116271190154,0.0030952075000636003
596,1483673.25,5506.531782101362,0.0037114181185792508
597,1260619,4247.7488669371,0.0033695738894440742
598,2345968.5,12307.189603365385,0.005246101813969533
599,5736272,61111.56564252805,0.010653533452131984
600,5498013,41083.11757562099,0.007472357299922898
601,4261070.5,28778.264329176684,0.006753763949499705
602,5074306.5,25897.490509815707,0.005103651210232513
603,4880166.5,33460.78183218149,0.0068564836532076295
604,5881579,47564.30931991186,0.008086996590526432
605,4276851.5,43388.02123397436,0.010144851004056222
606,3049898,32696.72112880609,0.0107205949604892
607,4798365,39937.96108774038,0.008323243664819242
608,4197961.5,41047.690630008015,0.009778005498623085
609,5904627.5,43676.56233097957,0.007397005540312166
610,5799692.5,26487.92670773237,0.004567126051550556
611,6786842,18555.422627522395,0.0027340289677470603
612,5582851.5,28295.247783954328,0.00506824295504803
613,3126499,14606.07552709335,0.0046717032460568035
614,1415992.125,4218.54876552484,0.002979217674339001
615,1689788.25,6934.4376565004,0.004103731728813004
616,1655760.125,5668.4589280348555,0.00342347834233226
617,1046657.5,4108.744151580028,0.003925586117311564
618,157109.328125,581.8106321677184,0.003703221438925738
619,91989.3046875,365.5513133513622,0.003973845813849654
620,97891.4140625,371.13737722543567,0.0037913169482716672
621,61881.90234375,464.811281644381,0.007511263617307433
622,52455.75390625,230.07462721604568,0.004386070356118411
623,4134.384765625,10.461538461538462,0.0025303736963526125
630,53870.1484375,123.44588587834285,0.0022915453077238953
631,385869.9375,1173.3711946927583,0.0030408463595139705
632,220311.296875,1075.8221662472456,0.004883191109612706
633,367315.71875,2000.9776572203025,0.005447568821802027
634,327262.71875,1213.4831284743088,0.0037079785106879327
635,433051.15625,2327.913805839343,0.0053756092605729945
636,605399.1875,1964.2759321163862,0.0032445962476888627
637,1253257.375,6614.648900741186,0.005277965270893527
638,2576256,23779.12980769231,0.009230111373905508
639,3168845.25,23826.364401792867,0.007518942239856259
640,6639732.5,93340.55165765225,0.014057878334353418
641,4701944,34101.876236353164,0.00725271850033798
642,3629362.5,26236.88331330128,0.0072290611128817475
643,2245979.5,13986.91480118189,0.0062275344904892905
644,4028582.5,31877.913248697918,0.00791293544285066
645,5062343.5,46307.75863882212,0.009147494364778313
646,2802024.5,20217.65196814904,0.0072153730162420205
647,3818389.5,42113.49676357171,0.011029125437195895
648,4288299,39135.12755408654,0.009126025856426181
649,2686034.5,19991.74894831731,0.0074428489091697475
650,4332305,35014.38043995393,0.008082159598632583
651,3701559.75,22303.51960637019,0.00602543822408113
652,2597721.5,16091.172475961539,0.006194340877558098
653,1471547,8457.316456330129,0.005747228227389359
654,1344055.375,5285.485526842948,0.003932490896696089
655,1072765.75,3398.053429236779,0.0031675633093588033
656,1156065.375,4143.424147385817,0.0035840742547849575
657,1482215.125,6177.0133713942305,0.004167420280098835
658,756450.375,2679.7374400603467,0.0035425158458812934
659,430798.28125,1646.9356384277344,0.003822985629489984
660,175367.625,535.9386553642078,0.00305608663722399
661,218458.40625,543.1898504403921,0.0024864680639424563
662,109636.234375,214.90459774702023,0.0019601603335988368
670,240481.125,1398.6090463491587,0.005815878673842526
671,944619.9375,4426.529982346755,0.004686043356296145
672,969687.6875,2865.6849451309595,0.0029552658882563768
673,1755729.125,6780.346072465945,0.003861840631290972
674,584015.4375,1963.8330993652344,0.0033626390216187295
675,976.5159912109376,2.5384615384615383,0.0025995084169729735
676,327565.84375,3362.4720552884614,0.010265026465502668
677,2040782.75,23162.83393429487,0.01134997536327415
678,2474501.25,20352.40254407051,0.008224850379069525
679,2023070.375,14076.713241185897,0.006958093705062483
680,3618946.5,25023.277750651043,0.006914519944036488
681,3283057.5,35012.00485777244,0.010664450701144417
682,3399753,27824.79936648638,0.008184359089171001
683,5159649.5,51407.37869340945,0.00996334706328588
684,6417471,84358.26622596153,0.013145095042262214
685,3163240,36698.12111879006,0.011601434326446954
686,3046596.25,33639.53988882212,0.011041679674102571
687,3381579,30037.804837740383,0.00888277483321856
688,4222437,34887.186154096555,0.008262334323542673
689,2535905,12004.301917442908,0.004733734866819896
690,3185667.25,18814.312274639422,0.005905925132211916
691,3291128.25,25828.47032752404,0.007847907576231354
692,4042637.25,39559.218800080125,0.009785498018670888
693,3978202.5,37081.6572265625,0.009321209070318191
694,2773394,29806.81482872596,0.010747414477973906
695,1803104.625,8356.390775240385,0.004634445865968751
696,1640586.5,9767.082870092147,0.0059534092655840745
697,667500,3045.4768723707934,0.004562512168345758
698,713988.75,2617.601884890825,0.0036661668477140923
699,451316.125,846.1084876427284,0.0018747579374495612
700,496557.53125,951.8251266479492,0.0019168476294214886
701,875104.625,2241.8986002604165,0.002561863503190166
702,101958.0390625,374.78783592811,0.0036759027475838963
706,192598.234375,1221.3147473457532,0.0063412561974362765
707,40627.39453125,140.7948717948718,0.003465515655614451
709,379881.25,2735.8150321764824,0.007201763793755239
710,2056597.25,20305.2321088742,0.009873217572800994
711,1125902.75,3509.112594213241,0.0031167102080648097
712,380445.09375,989.8191723945813,0.002601739879565949
713,613448.875,5697.24592159956,0.009287238356414883
714,152226.953125,854.0566736857096,0.005610416921268913
716,724552.125,9289.49075395633,0.012821010985174228
717,1919735.5,26896.03899989984,0.014010283708302441
718,1981931.125,18332.530169364734,0.009249832114809103
719,3552268.25,29143.60064853766,0.008204222935173226
720,3953030.5,31932.47498497596,0.008077973338423763
721,3541350,27744.171875,0.007834349012382284
722,4367033.5,29879.12895633013,0.006841973837922271
723,5844377,70393.91115785256,0.012044724554533795
724,3308766.5,39932.087840544875,0.012068572333691385
725,2116394.5,22472.879795172277,0.010618473916451907
726,2306825,19878.469031700723,0.008617241893815405
727,3547679.25,23349.293920272437,0.006581568477554006
728,2877696.75,16324.05153871194,0.005672610061748841
729,4019512.75,31101.15259415064,0.007737542963173992
730,4867719.5,50157.25888922276,0.010304056938618331
731,5951973,86929.50796274039,0.01460515831687079
732,7257912.5,87265.2838666867,0.012023468713171549
733,6091615,70911.64763621795,0.011640861682200526
734,2887965,21664.252053285258,0.00750156322991631
735,1582206.5,3960.6898005558896,0.0025032698327025517
736,1829633.25,8158.098488832132,0.004458870917891404
737,1953122.875,7018.893667367788,0.0035936774676133924
738,1975640.125,6489.478875575922,0.0032847474565115557
739,1629559.625,9425.040474133613,0.005783796020433198
740,1114874.375,8834.170798277244,0.007923915910505383
741,83977.546875,471.4604422984979,0.005614124963667533
745,1063161.25,9834.391157101361,0.009250140707349296
746,1159078.75,15374.71392978766,0.013264598224915831
747,847058.3125,9441.324171799879,0.011146014427194324
748,139077.390625,1371.526116004357,0.009861603743360833
749,1560062.5,15632.917677659254,0.010020699605085856
750,1041756.875,4401.54986728766,0.0042251219770329425
751,617386.625,2001.5421956380208,0.0032419591137693026
752,79200.921875,301.36675927577875,0.0038050915588004794
755,34484.9609375,747.9995420407026,0.02169060140147368
756,103785.3671875,1990.0018780048076,0.019174204725890157
757,542241.9375,6707.43707431891,0.012369823524243567
758,1888510.5,13108.559833233174,0.006941216283008844
759,2228024.25,13792.4563676883,0.006190442661334723
760,2723704.75,18751.64960186298,0.0068846117046508
761,2769587.25,23713.795309995992,0.008562212766539849
762,4960963,58108.552684294875,0.011713159861158987
763,5258711,70194.94541266025,0.013348317755560299
764,3893123,41858.57717347756,0.01075192773859895
765,3975844,34388.67102363782,0.008649401491516724
766,4003309.5,39289.360526842946,0.009814220091362645
767,3623162.25,24522.406235523715,0.006768232980878434
768,4678228.5,27577.220365084133,0.0058947997869458774
769,5690275,48521.61801382212,0.008527113015420541
770,5196098,53100.99424078526,0.010219398140832843
771,6421902,66206.1279296875,0.01030942669783617
772,5086106,52434.85171274038,0.010309429593630251
773,3514416.5,30929.87885616987,0.00880085751252587
774,2970386.25,18903.065329527242,0.006363840840404928
775,1564633.5,6179.454871544471,0.003949458369352612
776,796062.3125,3003.796361678686,0.003773318136673737
777,377641.875,2410.056711832682,0.006381857710648964
778,216918.59375,719.703869159405,0.003317852364416801
779,154396.75,373.79342181865985,0.002420992811174198
780,1815.4312744140625,3.128205128205128,0.0017231195541757803
784,70450.515625,550.5581547663762,0.00781482079843012
785,1187787,11219.110850798777,0.009445389493906548
786,1065954.125,10433.099596854969,0.009787569044638735
787,227949.09375,2027.7092997233074,0.008895447954476929
788,34639.7578125,278.8393840300731,0.008049692077507884
789,730386.375,5531.573495718149,0.007573489436626128
790,805910.5,5367.230665940505,0.006659834641614056
791,66304.21875,522.1579591800005,0.007875184551209276
796,24594.953125,354.98548986972907,0.014433265559221474
797,888198.4375,8084.281891651643,0.00910188709001376
798,395457.75,2863.865979316907,0.00724190126332562
799,712143.4375,5616.492162459936,0.007886742848009373
800,218581.5625,1466.9746422400842,0.0067113375229902305
801,666784.125,8137.798959585337,0.01220454815055073
802,4840276,65987.18644831731,0.013632938792812086
803,2428575.25,20514.680394881812,0.008447208047138673
804,3672374.25,33339.373572716344,0.009078424829037058
805,3807200.25,27155.4345703125,0.007132652024361603
806,4212204.5,29537.919646434293,0.007012460968225615
807,4787875.5,37356.314503205125,0.007802273576914254
808,4014543.75,25626.849584334937,0.006383502380397508
809,3985872.25,34727.31891651643,0.008712602095191693
810,5916291.5,54955.060246394234,0.009288768182973106
811,4271582,39816.07411858974,0.009321154110722853
812,1058379.875,9370.713673127004,0.00885382828460056
813,2312171.5,21652.46296574519,0.009364557501787904
814,253240.140625,1863.578621888772,0.007358938505125749
823,57015.296875,393.0526631673177,0.006893810691349095
824,671001.6875,5535.461594801683,0.008249549439175862
825,1403951.25,9471.67406991812,0.006746440853924322
826,478317.96875,2335.2079389523237,0.004882124635741742
827,722185.0625,8448.865169818584,0.011699030634296156
828,1168600.375,13851.66216023763,0.01185320701290861
829,535901.5,4758.604341947115,0.008879624972027723
835,333132.125,6686.579946664663,0.020071855713899293
836,1273661.375,19074.978224534254,0.014976491082281784
837,656535.5625,6588.645770733173,0.010035474309486736
838,672911.4375,5738.666006234976,0.008528114825266253
839,898561.8125,10185.671033027844,0.011335526272465361
841,30161.46875,248.29693388327573,0.008232256059588468
842,46375.09765625,704.3183069473658,0.015187424771976614
843,1094382.25,5786.489908854167,0.005287448612086103
844,3419784,23918.1595302484,0.006994055627562559
845,3261539,29472.093900240383,0.009036253713428042
846,5334707,48214.84845440205,0.00903795624659462
847,4832663.5,34756.07021233974,0.007191907777634371
848,5456857.5,46003.899614383015,0.008430474795133099
849,5681312,61180.87169471154,0.01076879278848117
850,4377664,40557.92628205128,0.00926474171659846
851,2192816.25,20706.21978916266,0.009442751890023918
863,2514.871826171875,14.051282051282051,0.005587275623772382
864,433240,3681.308389516977,0.008497157209668952
865,405875.28125,3399.4613725711138,0.008375630469787605
866,1311902.125,15249.933340219352,0.011624291972405602
867,1270356.25,12818.43612123147,0.01009042630461453
868,169822.453125,1592.77048824995,0.009379033566766172
874,406759.53125,6747.749491373698,0.016589038419425356
875,1891373.625,27627.941306089742,0.014607341955553464
876,405324.375,5035.435521834936,0.012423224045765655
877,2890976.25,39496.135679587336,0.013661867917312477
878,7322520,122087.01931527945,0.016672814729803326
879,3760888.25,70933.72298177083,0.01886089622093154
882,1148065.125,12125.454824594352,0.010561643726085966
883,4187185,40816.24509214744,0.00974789628166595
884,3307864.25,31892.98182091346,0.009641563078325678
885,4809547.5,41450.70119065505,0.008618420171680402
886,4783633.5,35967.892578125,0.007518948217526489
887,6302848.5,61661.761518429485,0.009783157808478101
888,5102116,47274.1760566907,0.00926560196920076
889,745217,5553.108119866787,0.007451665917265424
904,25348.1171875,333.7524185486329,0.013166753809755042
905,1335608.25,14738.844298533904,0.011035304924579423
906,931358.0625,8377.690268492088,0.008995133671795628
907,312801.53125,3129.5926701472354,0.010005042678790389
913,136833.859375,3058.607950846354,0.022352712733652323
914,650734.75,9142.631848457531,0.014049705887779209
915,364462.09375,4866.539588341346,0.013352663203651327
916,7201448.5,116698.35326522436,0.016204844520546716
917,8682630,144257.27473958334,0.016614467590992978
918,7836867.5,150899.88701923078,0.01925512802394972
919,826542.125,10662.527299929889,0.012900161985004563
920,201862.140625,3184.5171399238784,0.015775702814128812
921,2173193,33155.267578125,0.01525647633602952
922,5685224,79803.13161057692,0.014036937086485408
923,4237641,55230.66846955128,0.013033352393360193
924,6138029.5,78991.69811698717,0.012869227512996993
925,5688418.5,62134.97092848558,0.010923066038211776
926,4721931.5,53076.63328826122,0.011240449652490981
927,4064788.75,46447.8464042468,0.01142687831052642
928,9578.4248046875,116.01586087544759,0.012112206677101188
943,3009.658447265625,11.974358974358974,0.003978643817619264
944,353870.375,2750.3074235182544,0.007772075928984602
945,1157213.25,11728.28978866186,0.010134942534283858
946,459440.5,4577.675227238582,0.009963586639050283
951,1259267,8748.210225423178,0.00694706541616923
952,5445463.5,41768.340394631414,0.0076703003141296265
953,576938.8125,5338.664212740385,0.009253432248052102
954,1843522.125,25031.57677283654,0.013578126583556213
955,6033252,91403.65980568911,0.015149982100149157
956,5995774.5,95384.02579126603,0.01590854122203329
957,6587466,121199.90054086539,0.018398561835592835
958,439915.6875,4976.483567457933,0.011312357592289619
959,573126.625,7180.968574719552,0.012529462533204685
960,897396.25,12015.764203976361,0.013389585931494991
961,2938679.5,42428.02766863505,0.014437786655072473
962,4427690.5,66364.45825821314,0.014988504336112278
963,7634490,101636.61790427183,0.013312823502849808
964,4092538.5,51604.72226186899,0.012609465313977863
982,6481.0712890625,134.53846153846155,0.020758676388193658
983,22512.1328125,124.79725510034805,0.00554355538587857
984,386373.5,5795.7208251953125,0.01500030624562842
985,52900.6015625,1022.3387725047576,0.019325654951142742
990,2121828.75,19206.603177584133,0.009051910140054485
991,4448102.5,42059.434870793266,0.00945559030413379
992,6990952,54608.696364182695,0.0078113390514171314
993,4941173.5,67823.28370392628,0.013726149001634182
994,5042456.5,70063.06410256411,0.013894629354276851
995,6550750.5,110211.65324519231,0.016824278873877475
996,6898604,117738.34354967948,0.01706698102249085
997,2046530.125,23682.581931089742,0.011572066123917792
999,747899.75,9024.068889911357,0.012065880340127615
1000,3325185.75,37899.008713942305,0.011397561388545679
1001,6254654,84884.75575921475,0.013571455073168676
1002,6723980.5,89683.34104567308,0.013337834790816702
1003,1014855.1875,16203.6671486879,0.015966482063913084
1024,1209,5.743589743589744,0.0047506945769973065
1025,113,0,0
1029,2906226.75,23027.639466897035,0.007923552237242684
1030,1029521.1875,6960.030515230619,0.006760453888405885
1031,7802932,63984.864903914626,0.008200105409596627
1032,7726665,94005.43344350961,0.0121663658827592
1033,9142541,127419.20753205128,0.013936957737684882
1034,9431136,149595.8629306891,0.01586191344613089
1035,6865626,104029.70883569962,0.015152253973009835
1036,5275552,77417.53871193911,0.014674775021066821
1037,88777.140625,1522.6907004331931,0.017151833115071034
1038,3033.74267578125,48.94910188515981,0.016134889183557544
1039,2159301.75,22066.923189603367,0.010219471729508564
1040,6421023.5,85339.87204527244,0.013290696108692397
1041,5653853.5,82695.73853165064,0.014626438150838299
1042,196.8076629638672,3.35351403344136,0.01703955010154786
1064,152091.5,4310.74358974359,0.028343093399325996
1068,2844588.75,26832.940817808492,0.009432977198482028
1069,1504590.375,5079.692616780599,0.0033761299428627534
1070,6581925,37485.52654872796,0.005695222377758476
1071,8125193,95597.61588541667,0.011765580938867135
1072,9710838,125218.14348582733,0.01289467947934332
1073,9146259,138725.08553685897,0.015167412768090098
1074,7976326,126313.88301282052,0.015836098350646716
1075,1567656.5,24935.64476913061,0.015906319253695313
1076,671925.3125,10852.323455028045,0.016151085921514596
1077,3911427.75,63331.781700721156,0.016191474251498358
1078,5474759,79811.04772636217,0.01457800201367077
1079,1511313.375,18090.306678185098,0.011969924290642302
1080,562967.1875,5984.252187875601,0.010629841881993523
1081,61794.765625,579.7081521352133,0.009381185384748568
1107,2800945,32670.407279772637,0.011664065977651341
1108,1022966.75,5077.732430873773,0.004963731647068464
1109,2966454.5,24856.354803623297,0.008379145813166289
1110,4967291,34399.66082450671,0.006925235671617932
1111,7166789.5,72953.59719300881,0.010179397231216128
1112,9500568,154824.22059670472,0.016296312030681187
1113,6433118.5,100745.24068509616,0.015660404931930938
1115,208411.8125,3468.6578650841348,0.016643288225729216
1116,7604283,129561.28335336539,0.01703793550994425
1117,7462600,116881.78380408653,0.015662340712899864
1118,7117434,127390.1118790064,0.0178983200798218
1119,4385267,88509.20007011217,0.02018330926488904
1146,416544.9375,5643.44476983486,0.013548225561701516
1147,2843687,20363.835349058492,0.007161067778928726
1148,2849498.75,9445.177333733975,0.0033146802867465635
1149,3242173.25,6507.951872996795,0.0020072807253581513
1150,5650032,53605.090269431086,0.009487572861433544
1151,9355810,128257.37242087339,0.013708847488445511
1152,8212418.5,129117.55463741987,0.015722232693988973
1153,144684.375,1841.9790649414062,0.012731015805551955
1154,2571034.5,42711.31164863782,0.016612500395711462
1155,8519784,143326.0901943109,0.01682273754760812
1156,8711692,139855.36643629806,0.016053754705319938
1157,8215877,139111.25901442306,0.016932003608917594
1158,7130617.5,127831.31312600161,0.017927102824685466
1159,916209.625,15185.66525816306,0.01657444414880826
1186,139333.6875,968.9235515105419,0.0069539791050928865
1187,3458133.75,31981.099252554086,0.00924808048634732
1188,5448579.5,54634.968479254305,0.010027378416567896
1189,6563480,55763.094300881414,0.008495964686550643
1190,9527923,141753.17236954128,0.014877657215485608
1191,9935053,152968.90594951922,0.015396888768436284
1192,4395964,68775.63827123397,0.01564517777471198
1193,2045547,30042.287560096152,0.014686676747146925
1194,7675403.5,124038.4772636218,0.016160515504314764
1195,8910126,138685.37179487178,0.015564917016310631
1196,7879512,135198.20042067306,0.017158194621782804
1197,7087147,118742.71479366987,0.016754656675481667
1198,4197435,68645.30809294872,0.016354108662301792
1226,61098.56640625,265.55216613182654,0.004346291275741983
1227,4561844.5,42975.13904747596,0.009420562022111004
1228,4535687.5,33727.018755008015,0.007435922063636001
1229,8341436.5,99328.66256009616,0.011907860541777924
1230,9402969,121509.03734725561,0.012922411777307317
1231,9560261,134852.8194110577,0.014105558353590732
1232,2179534.75,28691.250701121793,0.013163933587717192
1233,5869545,103771.0007011218,0.01767956471943256
1234,8816764,131228.19140625,0.014883940571194828
1235,8752064,139197.19951923078,0.01590449972934736
1236,8492227,144653.9220753205,0.017033685283650627
1237,4054497.75,68888.43785056089,0.01699062179786902
1266,625081.125,603.3959593161559,9.653082378965704e-4
1267,2510710.5,6355.3477955353565,0.0025312945461196568
1268,6252659.5,41932.7205090645,0.006706381581959565
1269,8965294,98694.43394431089,0.011008499436193715
1270,9610600,105240.15999348958,0.010950425571087089
1271,2140019.75,34347.7169533754,0.016050186898216898
1272,2003144.625,38068.05080629006,0.019004144948490707
1273,8196985.5,135580.4363982372,0.01654028013081604
1274,9058806,139522.6272661258,0.01540187826807703
1275,5849407.5,90150.60885541867,0.015411921439123307
1306,2201999.75,19553.189346704727,0.008879741855876562
1307,2207900.75,6958.690036871494,0.0031517223031295653
1308,7433048.5,50637.68204126602,0.006812505265002108
1309,9692303,96771.10405163887,0.00998432509297727
1310,7172447.5,87623.51559995994,0.012216682743228157
1311,4571311,54971.99035957532,0.01202543217024073
1312,8951849,133130.62259615384,0.014871857489570461
1313,9157330,114713.31209935897,0.012526938758279866
1314,766186.5,9506.54124568059,0.01240760734583628
1345,867413.75,3993.216119228265,0.004603588678676428
1346,1117912.25,1832.6888705522585,0.0016393852653034786
1347,4509662,20218.45249586839,0.004483363164660321
1348,9074525,60160.97326973157,0.006629655356035888
1349,10021612,80899.53170072116,0.0080725068682285
1350,9776505,85713.74431434044,0.008767319641767732
1351,9123853,89501.26389723558,0.00980959073948644
1352,6770469.5,81818.76006610577,0.012084650860048297
1353,7055.6240234375,45.418544011238296,0.006437211486945187
1384,357336.125,1240.8356554080278,0.003472460713027623
1385,1928412.125,8108.98249621269,0.004205004931823218
1386,1161621.75,7000.636634631034,0.006026606022684264
1387,7896721.5,26315.481313852164,0.0033324565535016227
1388,9166451,57693.72215544872,0.006294008679634978
1389,9362175,78475.61530949519,0.008382199148114106
1390,9418460,79509.12224559295,0.008441838925428675
1391,1947766.375,20228.608080741687,0.010385541274549258
1423,425015.1875,2220.2726377829526,0.005223984231817487
1424,2280864.75,12511.686143141527,0.00548550112107328
1425,2527461.25,8479.44788262783,0.003354926957882274
1426,2092483.625,16393.137697660008,0.007834296766676015
1427,5339197,24240.145216721754,0.0045400357425885865
1428,8277674.5,38493.28084309896,0.00465025302010836
1429,6040963,29170.350834773137,0.004828758400733979
1430,835220.8125,5337.654664650941,0.0063907107973928045
1463,199595.203125,1524.7583551651392,0.007639253505557608
1464,1765480.875,6906.9063392052285,0.00391219550265886
1465,894195.25,2099.6436622815254,0.0023480818784057792
1466,1964369.125,7188.65046281081,0.0036595212026715243
1467,4830736,15351.210463303785,0.0031778202044789416
1468,2912442.5,12097.142165746443,0.004153607209669012
1504,440495.5625,2154.44682429387,0.004890961470908961
1505,697516,7535.095232841296,0.010802756112893892
1506,1005219.3125,12920.859263102213,0.012853771413292673
1507,1409565.5,13872.927192883613,0.009841988323978994
1543,2240.0966796875,6.333333333333333,0.002827258926260652
1544,28949.861328125,242.81295306865985,0.008387361525382
1545,120719.2890625,1956.0825414413061,0.016203562468203266
1546,10817.26953125,49.8974358974359,0.004612757013522427
