gridid,asap0_id,name0,name0_shr,asap_cntry,an_crop,an_range,km2_tot,km2_crop,km2_rang2,g1_units,isocode,geometry
261,106,The former Yugoslav Republic of Macedonia,FYR Macedonia,f,t,t,25424,7250,10826,1,MK,"c(5285923, 2099491)"
262,106,The former Yugoslav Republic of Macedonia,FYR Macedonia,f,t,t,25424,7250,10826,1,MK,"c(5385923, 2099491)"
300,106,The former Yugoslav Republic of Macedonia,FYR Macedonia,f,t,t,25424,7250,10826,1,MK,"c(5285923, 2199491)"
952,173,Norway,Norway,f,t,f,315278,14254,796,19,NO,"c(4185923, 3899491)"
991,173,Norway,Norway,f,t,f,315278,14254,796,19,NO,"c(4185923, 3999491)"
992,173,Norway,Norway,f,t,f,315278,14254,796,19,NO,"c(4285923, 3999491)"
1029,173,Norway,Norway,f,t,f,315278,14254,796,19,NO,"c(4085923, 4099491)"
1030,173,Norway,Norway,f,t,f,315278,14254,796,19,NO,"c(4185923, 4099491)"
1031,173,Norway,Norway,f,t,f,315278,14254,796,19,NO,"c(4285923, 4099491)"
1032,173,Norway,Norway,f,t,f,315278,14254,796,19,NO,"c(4385923, 4099491)"
1068,173,Norway,Norway,f,t,f,315278,14254,796,19,NO,"c(4085923, 4199491)"
1069,173,Norway,Norway,f,t,f,315278,14254,796,19,NO,"c(4185923, 4199491)"
1070,173,Norway,Norway,f,t,f,315278,14254,796,19,NO,"c(4285923, 4199491)"
1071,173,Norway,Norway,f,t,f,315278,14254,796,19,NO,"c(4385923, 4199491)"
1107,173,Norway,Norway,f,t,f,315278,14254,796,19,NO,"c(4085923, 4299491)"
1108,173,Norway,Norway,f,t,f,315278,14254,796,19,NO,"c(4185923, 4299491)"
1109,173,Norway,Norway,f,t,f,315278,14254,796,19,NO,"c(4285923, 4299491)"
1110,173,Norway,Norway,f,t,f,315278,14254,796,19,NO,"c(4385923, 4299491)"
1148,173,Norway,Norway,f,t,f,315278,14254,796,19,NO,"c(4285923, 4399491)"
1149,173,Norway,Norway,f,t,f,315278,14254,796,19,NO,"c(4385923, 4399491)"
1188,173,Norway,Norway,f,t,f,315278,14254,796,19,NO,"c(4385923, 4499491)"
1227,173,Norway,Norway,f,t,f,315278,14254,796,19,NO,"c(4385923, 4599491)"
1228,173,Norway,Norway,f,t,f,315278,14254,796,19,NO,"c(4485923, 4599491)"
1267,173,Norway,Norway,f,t,f,315278,14254,796,19,NO,"c(4485923, 4699491)"
1306,173,Norway,Norway,f,t,f,315278,14254,796,19,NO,"c(4485923, 4799491)"
1346,173,Norway,Norway,f,t,f,315278,14254,796,19,NO,"c(4585923, 4899491)"
1385,173,Norway,Norway,f,t,f,315278,14254,796,19,NO,"c(4585923, 4999491)"
1425,173,Norway,Norway,f,t,f,315278,14254,796,19,NO,"c(4685923, 5099491)"
1464,173,Norway,Norway,f,t,f,315278,14254,796,19,NO,"c(4685923, 5199491)"
1465,173,Norway,Norway,f,t,f,315278,14254,796,19,NO,"c(4785923, 5199491)"
1466,173,Norway,Norway,f,t,f,315278,14254,796,19,NO,"c(4885923, 5199491)"
1505,173,Norway,Norway,f,t,f,315278,14254,796,19,NO,"c(4885923, 5299491)"
1506,173,Norway,Norway,f,t,f,315278,14254,796,19,NO,"c(4985923, 5299491)"
1544,173,Norway,Norway,f,t,f,315278,14254,796,19,NO,"c(4885923, 5399491)"
1545,173,Norway,Norway,f,t,f,315278,14254,796,19,NO,"c(4985923, 5399491)"
336,202,Bosnia and Herzegovina,Bosnia Herzeg.,f,t,t,51145,14356,16250,2,BA,"c(4985923, 2299491)"
374,202,Bosnia and Herzegovina,Bosnia Herzeg.,f,t,t,51145,14356,16250,2,BA,"c(4885923, 2399491)"
375,202,Bosnia and Herzegovina,Bosnia Herzeg.,f,t,t,51145,14356,16250,2,BA,"c(4985923, 2399491)"
539,70,"Moldova, Republic of",Moldova,f,t,t,33798,30585,1109,1,MD,"c(5785923, 2799491)"
577,70,"Moldova, Republic of",Moldova,f,t,t,33798,30585,1109,1,MD,"c(5685923, 2899491)"
301,87,Bulgaria,Bulgaria,f,t,t,111300,53768,30963,1,BG,"c(5385923, 2199491)"
302,87,Bulgaria,Bulgaria,f,t,t,111300,53768,30963,1,BG,"c(5485923, 2199491)"
303,87,Bulgaria,Bulgaria,f,t,t,111300,53768,30963,1,BG,"c(5585923, 2199491)"
340,87,Bulgaria,Bulgaria,f,t,t,111300,53768,30963,1,BG,"c(5385923, 2299491)"
341,87,Bulgaria,Bulgaria,f,t,t,111300,53768,30963,1,BG,"c(5485923, 2299491)"
342,87,Bulgaria,Bulgaria,f,t,t,111300,53768,30963,1,BG,"c(5585923, 2299491)"
343,87,Bulgaria,Bulgaria,f,t,t,111300,53768,30963,1,BG,"c(5685923, 2299491)"
379,87,Bulgaria,Bulgaria,f,t,t,111300,53768,30963,1,BG,"c(5385923, 2399491)"
380,87,Bulgaria,Bulgaria,f,t,t,111300,53768,30963,1,BG,"c(5485923, 2399491)"
381,87,Bulgaria,Bulgaria,f,t,t,111300,53768,30963,1,BG,"c(5585923, 2399491)"
382,87,Bulgaria,Bulgaria,f,t,t,111300,53768,30963,1,BG,"c(5685923, 2399491)"
845,102,Lithuania,Lithuania,f,t,t,64829,35284,13827,10,LT,"c(5185923, 3599491)"
846,102,Lithuania,Lithuania,f,t,t,64829,35284,13827,10,LT,"c(5285923, 3599491)"
883,102,Lithuania,Lithuania,f,t,t,64829,35284,13827,10,LT,"c(5085923, 3699491)"
884,102,Lithuania,Lithuania,f,t,t,64829,35284,13827,10,LT,"c(5185923, 3699491)"
885,102,Lithuania,Lithuania,f,t,t,64829,35284,13827,10,LT,"c(5285923, 3699491)"
452,107,Hungary,Hungary,f,t,t,93119,54770,29079,1,HU,"c(4885923, 2599491)"
453,107,Hungary,Hungary,f,t,t,93119,54770,29079,1,HU,"c(4985923, 2599491)"
491,107,Hungary,Hungary,f,t,t,93119,54770,29079,1,HU,"c(4885923, 2699491)"
492,107,Hungary,Hungary,f,t,t,93119,54770,29079,1,HU,"c(4985923, 2699491)"
493,107,Hungary,Hungary,f,t,t,93119,54770,29079,1,HU,"c(5085923, 2699491)"
494,107,Hungary,Hungary,f,t,t,93119,54770,29079,1,HU,"c(5185923, 2699491)"
531,107,Hungary,Hungary,f,t,t,93119,54770,29079,1,HU,"c(4985923, 2799491)"
532,107,Hungary,Hungary,f,t,t,93119,54770,29079,1,HU,"c(5085923, 2799491)"
533,107,Hungary,Hungary,f,t,t,93119,54770,29079,1,HU,"c(5185923, 2799491)"
299,130,Serbia,Serbia,f,t,t,88478,45700,15333,1,RS,"c(5185923, 2199491)"
338,130,Serbia,Serbia,f,t,t,88478,45700,15333,1,RS,"c(5185923, 2299491)"
339,130,Serbia,Serbia,f,t,t,88478,45700,15333,1,RS,"c(5285923, 2299491)"
376,130,Serbia,Serbia,f,t,t,88478,45700,15333,1,RS,"c(5085923, 2399491)"
377,130,Serbia,Serbia,f,t,t,88478,45700,15333,1,RS,"c(5185923, 2399491)"
378,130,Serbia,Serbia,f,t,t,88478,45700,15333,1,RS,"c(5285923, 2399491)"
415,130,Serbia,Serbia,f,t,t,88478,45700,15333,1,RS,"c(5085923, 2499491)"
416,130,Serbia,Serbia,f,t,t,88478,45700,15333,1,RS,"c(5185923, 2499491)"
454,130,Serbia,Serbia,f,t,t,88478,45700,15333,1,RS,"c(5085923, 2599491)"
335,4,Croatia,Croatia,f,t,t,55457,19755,14504,1,HR,"c(4885923, 2299491)"
373,4,Croatia,Croatia,f,t,t,55457,19755,14504,1,HR,"c(4785923, 2399491)"
411,4,Croatia,Croatia,f,t,t,55457,19755,14504,1,HR,"c(4685923, 2499491)"
412,4,Croatia,Croatia,f,t,t,55457,19755,14504,1,HR,"c(4785923, 2499491)"
413,4,Croatia,Croatia,f,t,t,55457,19755,14504,1,HR,"c(4885923, 2499491)"
414,4,Croatia,Croatia,f,t,t,55457,19755,14504,1,HR,"c(4985923, 2499491)"
671,151,U.K. of Great Britain and Northern Ireland,U.K.,f,t,t,242236,68062,152152,4,GB,"c(3385923, 3199491)"
672,151,U.K. of Great Britain and Northern Ireland,U.K.,f,t,t,242236,68062,152152,4,GB,"c(3485923, 3199491)"
673,151,U.K. of Great Britain and Northern Ireland,U.K.,f,t,t,242236,68062,152152,4,GB,"c(3585923, 3199491)"
674,151,U.K. of Great Britain and Northern Ireland,U.K.,f,t,t,242236,68062,152152,4,GB,"c(3685923, 3199491)"
710,151,U.K. of Great Britain and Northern Ireland,U.K.,f,t,t,242236,68062,152152,4,GB,"c(3385923, 3299491)"
711,151,U.K. of Great Britain and Northern Ireland,U.K.,f,t,t,242236,68062,152152,4,GB,"c(3485923, 3299491)"
712,151,U.K. of Great Britain and Northern Ireland,U.K.,f,t,t,242236,68062,152152,4,GB,"c(3585923, 3299491)"
713,151,U.K. of Great Britain and Northern Ireland,U.K.,f,t,t,242236,68062,152152,4,GB,"c(3685923, 3299491)"
749,151,U.K. of Great Britain and Northern Ireland,U.K.,f,t,t,242236,68062,152152,4,GB,"c(3385923, 3399491)"
750,151,U.K. of Great Britain and Northern Ireland,U.K.,f,t,t,242236,68062,152152,4,GB,"c(3485923, 3399491)"
751,151,U.K. of Great Britain and Northern Ireland,U.K.,f,t,t,242236,68062,152152,4,GB,"c(3585923, 3399491)"
789,151,U.K. of Great Britain and Northern Ireland,U.K.,f,t,t,242236,68062,152152,4,GB,"c(3485923, 3499491)"
790,151,U.K. of Great Britain and Northern Ireland,U.K.,f,t,t,242236,68062,152152,4,GB,"c(3585923, 3499491)"
825,151,U.K. of Great Britain and Northern Ireland,U.K.,f,t,t,242236,68062,152152,4,GB,"c(3185923, 3599491)"
826,151,U.K. of Great Britain and Northern Ireland,U.K.,f,t,t,242236,68062,152152,4,GB,"c(3285923, 3599491)"
828,151,U.K. of Great Britain and Northern Ireland,U.K.,f,t,t,242236,68062,152152,4,GB,"c(3485923, 3599491)"
829,151,U.K. of Great Britain and Northern Ireland,U.K.,f,t,t,242236,68062,152152,4,GB,"c(3585923, 3599491)"
867,151,U.K. of Great Britain and Northern Ireland,U.K.,f,t,t,242236,68062,152152,4,GB,"c(3485923, 3699491)"
905,151,U.K. of Great Britain and Northern Ireland,U.K.,f,t,t,242236,68062,152152,4,GB,"c(3385923, 3799491)"
906,151,U.K. of Great Britain and Northern Ireland,U.K.,f,t,t,242236,68062,152152,4,GB,"c(3485923, 3799491)"
945,151,U.K. of Great Britain and Northern Ireland,U.K.,f,t,t,242236,68062,152152,4,GB,"c(3485923, 3899491)"
946,151,U.K. of Great Britain and Northern Ireland,U.K.,f,t,t,242236,68062,152152,4,GB,"c(3585923, 3899491)"
984,151,U.K. of Great Britain and Northern Ireland,U.K.,f,t,t,242236,68062,152152,4,GB,"c(3485923, 3999491)"
566,207,Czech Republic,Czech Republic,f,t,t,78845,37178,26480,8,CZ,"c(4585923, 2899491)"
567,207,Czech Republic,Czech Republic,f,t,t,78845,37178,26480,8,CZ,"c(4685923, 2899491)"
568,207,Czech Republic,Czech Republic,f,t,t,78845,37178,26480,8,CZ,"c(4785923, 2899491)"
569,207,Czech Republic,Czech Republic,f,t,t,78845,37178,26480,8,CZ,"c(4885923, 2899491)"
604,207,Czech Republic,Czech Republic,f,t,t,78845,37178,26480,8,CZ,"c(4485923, 2999491)"
605,207,Czech Republic,Czech Republic,f,t,t,78845,37178,26480,8,CZ,"c(4585923, 2999491)"
606,207,Czech Republic,Czech Republic,f,t,t,78845,37178,26480,8,CZ,"c(4685923, 2999491)"
607,207,Czech Republic,Czech Republic,f,t,t,78845,37178,26480,8,CZ,"c(4785923, 2999491)"
608,207,Czech Republic,Czech Republic,f,t,t,78845,37178,26480,8,CZ,"c(4885923, 2999491)"
645,207,Czech Republic,Czech Republic,f,t,t,78845,37178,26480,8,CZ,"c(4685923, 3099491)"
1000,154,Estonia,Estonia,f,t,t,45181,11312,10938,1,EE,"c(5085923, 3999491)"
1001,154,Estonia,Estonia,f,t,t,45181,11312,10938,1,EE,"c(5185923, 3999491)"
1002,154,Estonia,Estonia,f,t,t,45181,11312,10938,1,EE,"c(5285923, 3999491)"
1040,154,Estonia,Estonia,f,t,t,45181,11312,10938,1,EE,"c(5185923, 4099491)"
1041,154,Estonia,Estonia,f,t,t,45181,11312,10938,1,EE,"c(5285923, 4099491)"
444,216,Switzerland,Switzerland,f,t,t,41416,8145,18659,1,CH,"c(4085923, 2599491)"
445,216,Switzerland,Switzerland,f,t,t,41416,8145,18659,1,CH,"c(4185923, 2599491)"
446,216,Switzerland,Switzerland,f,t,t,41416,8145,18659,1,CH,"c(4285923, 2599491)"
483,216,Switzerland,Switzerland,f,t,t,41416,8145,18659,1,CH,"c(4085923, 2699491)"
484,216,Switzerland,Switzerland,f,t,t,41416,8145,18659,1,CH,"c(4185923, 2699491)"
485,216,Switzerland,Switzerland,f,t,t,41416,8145,18659,1,CH,"c(4285923, 2699491)"
1078,23,Finland,Finland,f,t,f,333939,28158,522,6,FI,"c(5085923, 4199491)"
1116,23,Finland,Finland,f,t,f,333939,28158,522,6,FI,"c(4985923, 4299491)"
1117,23,Finland,Finland,f,t,f,333939,28158,522,6,FI,"c(5085923, 4299491)"
1118,23,Finland,Finland,f,t,f,333939,28158,522,6,FI,"c(5185923, 4299491)"
1119,23,Finland,Finland,f,t,f,333939,28158,522,6,FI,"c(5285923, 4299491)"
1155,23,Finland,Finland,f,t,f,333939,28158,522,6,FI,"c(4985923, 4399491)"
1156,23,Finland,Finland,f,t,f,333939,28158,522,6,FI,"c(5085923, 4399491)"
1157,23,Finland,Finland,f,t,f,333939,28158,522,6,FI,"c(5185923, 4399491)"
1158,23,Finland,Finland,f,t,f,333939,28158,522,6,FI,"c(5285923, 4399491)"
1194,23,Finland,Finland,f,t,f,333939,28158,522,6,FI,"c(4985923, 4499491)"
1195,23,Finland,Finland,f,t,f,333939,28158,522,6,FI,"c(5085923, 4499491)"
1196,23,Finland,Finland,f,t,f,333939,28158,522,6,FI,"c(5185923, 4499491)"
1197,23,Finland,Finland,f,t,f,333939,28158,522,6,FI,"c(5285923, 4499491)"
1233,23,Finland,Finland,f,t,f,333939,28158,522,6,FI,"c(4985923, 4599491)"
1234,23,Finland,Finland,f,t,f,333939,28158,522,6,FI,"c(5085923, 4599491)"
1235,23,Finland,Finland,f,t,f,333939,28158,522,6,FI,"c(5185923, 4599491)"
1236,23,Finland,Finland,f,t,f,333939,28158,522,6,FI,"c(5285923, 4599491)"
1237,23,Finland,Finland,f,t,f,333939,28158,522,6,FI,"c(5385923, 4599491)"
1273,23,Finland,Finland,f,t,f,333939,28158,522,6,FI,"c(5085923, 4699491)"
1274,23,Finland,Finland,f,t,f,333939,28158,522,6,FI,"c(5185923, 4699491)"
1275,23,Finland,Finland,f,t,f,333939,28158,522,6,FI,"c(5285923, 4699491)"
1312,23,Finland,Finland,f,t,f,333939,28158,522,6,FI,"c(5085923, 4799491)"
1313,23,Finland,Finland,f,t,f,333939,28158,522,6,FI,"c(5185923, 4799491)"
1350,23,Finland,Finland,f,t,f,333939,28158,522,6,FI,"c(4985923, 4899491)"
1351,23,Finland,Finland,f,t,f,333939,28158,522,6,FI,"c(5085923, 4899491)"
1352,23,Finland,Finland,f,t,f,333939,28158,522,6,FI,"c(5185923, 4899491)"
1389,23,Finland,Finland,f,t,f,333939,28158,522,6,FI,"c(4985923, 4999491)"
1390,23,Finland,Finland,f,t,f,333939,28158,522,6,FI,"c(5085923, 4999491)"
1427,23,Finland,Finland,f,t,f,333939,28158,522,6,FI,"c(4885923, 5099491)"
1428,23,Finland,Finland,f,t,f,333939,28158,522,6,FI,"c(4985923, 5099491)"
1429,23,Finland,Finland,f,t,f,333939,28158,522,6,FI,"c(5085923, 5099491)"
1467,23,Finland,Finland,f,t,f,333939,28158,522,6,FI,"c(4985923, 5199491)"
284,197,France,France,f,t,t,548272,240833,250411,22,FR,"c(3685923, 2199491)"
321,197,France,France,f,t,t,548272,240833,250411,22,FR,"c(3485923, 2299491)"
322,197,France,France,f,t,t,548272,240833,250411,22,FR,"c(3585923, 2299491)"
323,197,France,France,f,t,t,548272,240833,250411,22,FR,"c(3685923, 2299491)"
324,197,France,France,f,t,t,548272,240833,250411,22,FR,"c(3785923, 2299491)"
325,197,France,France,f,t,t,548272,240833,250411,22,FR,"c(3885923, 2299491)"
326,197,France,France,f,t,t,548272,240833,250411,22,FR,"c(3985923, 2299491)"
327,197,France,France,f,t,t,548272,240833,250411,22,FR,"c(4085923, 2299491)"
360,197,France,France,f,t,t,548272,240833,250411,22,FR,"c(3485923, 2399491)"
361,197,France,France,f,t,t,548272,240833,250411,22,FR,"c(3585923, 2399491)"
362,197,France,France,f,t,t,548272,240833,250411,22,FR,"c(3685923, 2399491)"
363,197,France,France,f,t,t,548272,240833,250411,22,FR,"c(3785923, 2399491)"
364,197,France,France,f,t,t,548272,240833,250411,22,FR,"c(3885923, 2399491)"
365,197,France,France,f,t,t,548272,240833,250411,22,FR,"c(3985923, 2399491)"
399,197,France,France,f,t,t,548272,240833,250411,22,FR,"c(3485923, 2499491)"
400,197,France,France,f,t,t,548272,240833,250411,22,FR,"c(3585923, 2499491)"
401,197,France,France,f,t,t,548272,240833,250411,22,FR,"c(3685923, 2499491)"
402,197,France,France,f,t,t,548272,240833,250411,22,FR,"c(3785923, 2499491)"
403,197,France,France,f,t,t,548272,240833,250411,22,FR,"c(3885923, 2499491)"
404,197,France,France,f,t,t,548272,240833,250411,22,FR,"c(3985923, 2499491)"
438,197,France,France,f,t,t,548272,240833,250411,22,FR,"c(3485923, 2599491)"
439,197,France,France,f,t,t,548272,240833,250411,22,FR,"c(3585923, 2599491)"
440,197,France,France,f,t,t,548272,240833,250411,22,FR,"c(3685923, 2599491)"
441,197,France,France,f,t,t,548272,240833,250411,22,FR,"c(3785923, 2599491)"
442,197,France,France,f,t,t,548272,240833,250411,22,FR,"c(3885923, 2599491)"
443,197,France,France,f,t,t,548272,240833,250411,22,FR,"c(3985923, 2599491)"
477,197,France,France,f,t,t,548272,240833,250411,22,FR,"c(3485923, 2699491)"
478,197,France,France,f,t,t,548272,240833,250411,22,FR,"c(3585923, 2699491)"
479,197,France,France,f,t,t,548272,240833,250411,22,FR,"c(3685923, 2699491)"
480,197,France,France,f,t,t,548272,240833,250411,22,FR,"c(3785923, 2699491)"
481,197,France,France,f,t,t,548272,240833,250411,22,FR,"c(3885923, 2699491)"
482,197,France,France,f,t,t,548272,240833,250411,22,FR,"c(3985923, 2699491)"
515,197,France,France,f,t,t,548272,240833,250411,22,FR,"c(3385923, 2799491)"
516,197,France,France,f,t,t,548272,240833,250411,22,FR,"c(3485923, 2799491)"
517,197,France,France,f,t,t,548272,240833,250411,22,FR,"c(3585923, 2799491)"
518,197,France,France,f,t,t,548272,240833,250411,22,FR,"c(3685923, 2799491)"
519,197,France,France,f,t,t,548272,240833,250411,22,FR,"c(3785923, 2799491)"
520,197,France,France,f,t,t,548272,240833,250411,22,FR,"c(3885923, 2799491)"
521,197,France,France,f,t,t,548272,240833,250411,22,FR,"c(3985923, 2799491)"
522,197,France,France,f,t,t,548272,240833,250411,22,FR,"c(4085923, 2799491)"
553,197,France,France,f,t,t,548272,240833,250411,22,FR,"c(3285923, 2899491)"
554,197,France,France,f,t,t,548272,240833,250411,22,FR,"c(3385923, 2899491)"
555,197,France,France,f,t,t,548272,240833,250411,22,FR,"c(3485923, 2899491)"
556,197,France,France,f,t,t,548272,240833,250411,22,FR,"c(3585923, 2899491)"
557,197,France,France,f,t,t,548272,240833,250411,22,FR,"c(3685923, 2899491)"
558,197,France,France,f,t,t,548272,240833,250411,22,FR,"c(3785923, 2899491)"
559,197,France,France,f,t,t,548272,240833,250411,22,FR,"c(3885923, 2899491)"
560,197,France,France,f,t,t,548272,240833,250411,22,FR,"c(3985923, 2899491)"
594,197,France,France,f,t,t,548272,240833,250411,22,FR,"c(3485923, 2999491)"
596,197,France,France,f,t,t,548272,240833,250411,22,FR,"c(3685923, 2999491)"
597,197,France,France,f,t,t,548272,240833,250411,22,FR,"c(3785923, 2999491)"
598,197,France,France,f,t,t,548272,240833,250411,22,FR,"c(3885923, 2999491)"
636,197,France,France,f,t,t,548272,240833,250411,22,FR,"c(3785923, 3099491)"
609,171,Poland,Poland,f,t,t,311980,159546,91984,16,PL,"c(4985923, 2999491)"
610,171,Poland,Poland,f,t,t,311980,159546,91984,16,PL,"c(5085923, 2999491)"
611,171,Poland,Poland,f,t,t,311980,159546,91984,16,PL,"c(5185923, 2999491)"
646,171,Poland,Poland,f,t,t,311980,159546,91984,16,PL,"c(4785923, 3099491)"
647,171,Poland,Poland,f,t,t,311980,159546,91984,16,PL,"c(4885923, 3099491)"
648,171,Poland,Poland,f,t,t,311980,159546,91984,16,PL,"c(4985923, 3099491)"
649,171,Poland,Poland,f,t,t,311980,159546,91984,16,PL,"c(5085923, 3099491)"
650,171,Poland,Poland,f,t,t,311980,159546,91984,16,PL,"c(5185923, 3099491)"
684,171,Poland,Poland,f,t,t,311980,159546,91984,16,PL,"c(4685923, 3199491)"
685,171,Poland,Poland,f,t,t,311980,159546,91984,16,PL,"c(4785923, 3199491)"
686,171,Poland,Poland,f,t,t,311980,159546,91984,16,PL,"c(4885923, 3199491)"
687,171,Poland,Poland,f,t,t,311980,159546,91984,16,PL,"c(4985923, 3199491)"
688,171,Poland,Poland,f,t,t,311980,159546,91984,16,PL,"c(5085923, 3199491)"
689,171,Poland,Poland,f,t,t,311980,159546,91984,16,PL,"c(5185923, 3199491)"
690,171,Poland,Poland,f,t,t,311980,159546,91984,16,PL,"c(5285923, 3199491)"
723,171,Poland,Poland,f,t,t,311980,159546,91984,16,PL,"c(4685923, 3299491)"
724,171,Poland,Poland,f,t,t,311980,159546,91984,16,PL,"c(4785923, 3299491)"
725,171,Poland,Poland,f,t,t,311980,159546,91984,16,PL,"c(4885923, 3299491)"
726,171,Poland,Poland,f,t,t,311980,159546,91984,16,PL,"c(4985923, 3299491)"
727,171,Poland,Poland,f,t,t,311980,159546,91984,16,PL,"c(5085923, 3299491)"
728,171,Poland,Poland,f,t,t,311980,159546,91984,16,PL,"c(5185923, 3299491)"
762,171,Poland,Poland,f,t,t,311980,159546,91984,16,PL,"c(4685923, 3399491)"
763,171,Poland,Poland,f,t,t,311980,159546,91984,16,PL,"c(4785923, 3399491)"
764,171,Poland,Poland,f,t,t,311980,159546,91984,16,PL,"c(4885923, 3399491)"
765,171,Poland,Poland,f,t,t,311980,159546,91984,16,PL,"c(4985923, 3399491)"
766,171,Poland,Poland,f,t,t,311980,159546,91984,16,PL,"c(5085923, 3399491)"
767,171,Poland,Poland,f,t,t,311980,159546,91984,16,PL,"c(5185923, 3399491)"
802,171,Poland,Poland,f,t,t,311980,159546,91984,16,PL,"c(4785923, 3499491)"
803,171,Poland,Poland,f,t,t,311980,159546,91984,16,PL,"c(4885923, 3499491)"
804,171,Poland,Poland,f,t,t,311980,159546,91984,16,PL,"c(4985923, 3499491)"
805,171,Poland,Poland,f,t,t,311980,159546,91984,16,PL,"c(5085923, 3499491)"
806,171,Poland,Poland,f,t,t,311980,159546,91984,16,PL,"c(5185923, 3499491)"
836,38,Denmark,Denmark,f,t,t,43538,31654,2406,1,DK,"c(4285923, 3599491)"
875,38,Denmark,Denmark,f,t,t,43538,31654,2406,1,DK,"c(4285923, 3699491)"
30,54,Greece,Greece,f,t,t,128616,49530,29589,13,GR,"c(5585923, 1499491)"
31,54,Greece,Greece,f,t,t,128616,49530,29589,13,GR,"c(5685923, 1499491)"
32,54,Greece,Greece,f,t,t,128616,49530,29589,13,GR,"c(5785923, 1499491)"
68,54,Greece,Greece,f,t,t,128616,49530,29589,13,GR,"c(5485923, 1599491)"
105,54,Greece,Greece,f,t,t,128616,49530,29589,13,GR,"c(5285923, 1699491)"
106,54,Greece,Greece,f,t,t,128616,49530,29589,13,GR,"c(5385923, 1699491)"
107,54,Greece,Greece,f,t,t,128616,49530,29589,13,GR,"c(5485923, 1699491)"
144,54,Greece,Greece,f,t,t,128616,49530,29589,13,GR,"c(5285923, 1799491)"
145,54,Greece,Greece,f,t,t,128616,49530,29589,13,GR,"c(5385923, 1799491)"
146,54,Greece,Greece,f,t,t,128616,49530,29589,13,GR,"c(5485923, 1799491)"
183,54,Greece,Greece,f,t,t,128616,49530,29589,13,GR,"c(5285923, 1899491)"
184,54,Greece,Greece,f,t,t,128616,49530,29589,13,GR,"c(5385923, 1899491)"
222,54,Greece,Greece,f,t,t,128616,49530,29589,13,GR,"c(5285923, 1999491)"
223,54,Greece,Greece,f,t,t,128616,49530,29589,13,GR,"c(5385923, 1999491)"
263,54,Greece,Greece,f,t,t,128616,49530,29589,13,GR,"c(5485923, 2099491)"
304,54,Greece,Greece,f,t,t,128616,49530,29589,13,GR,"c(5685923, 2199491)"
500,115,Ukraine,Ukraine,f,t,t,600415,476167,7292,25,UA,"c(5785923, 2699491)"
504,115,Ukraine,Ukraine,f,t,t,600415,476167,7292,25,UA,"c(6185923, 2699491)"
540,115,Ukraine,Ukraine,f,t,t,600415,476167,7292,25,UA,"c(5885923, 2799491)"
543,115,Ukraine,Ukraine,f,t,t,600415,476167,7292,25,UA,"c(6185923, 2799491)"
544,115,Ukraine,Ukraine,f,t,t,600415,476167,7292,25,UA,"c(6285923, 2799491)"
573,115,Ukraine,Ukraine,f,t,t,600415,476167,7292,25,UA,"c(5285923, 2899491)"
574,115,Ukraine,Ukraine,f,t,t,600415,476167,7292,25,UA,"c(5385923, 2899491)"
575,115,Ukraine,Ukraine,f,t,t,600415,476167,7292,25,UA,"c(5485923, 2899491)"
578,115,Ukraine,Ukraine,f,t,t,600415,476167,7292,25,UA,"c(5785923, 2899491)"
579,115,Ukraine,Ukraine,f,t,t,600415,476167,7292,25,UA,"c(5885923, 2899491)"
580,115,Ukraine,Ukraine,f,t,t,600415,476167,7292,25,UA,"c(5985923, 2899491)"
581,115,Ukraine,Ukraine,f,t,t,600415,476167,7292,25,UA,"c(6085923, 2899491)"
582,115,Ukraine,Ukraine,f,t,t,600415,476167,7292,25,UA,"c(6185923, 2899491)"
612,115,Ukraine,Ukraine,f,t,t,600415,476167,7292,25,UA,"c(5285923, 2999491)"
613,115,Ukraine,Ukraine,f,t,t,600415,476167,7292,25,UA,"c(5385923, 2999491)"
614,115,Ukraine,Ukraine,f,t,t,600415,476167,7292,25,UA,"c(5485923, 2999491)"
615,115,Ukraine,Ukraine,f,t,t,600415,476167,7292,25,UA,"c(5585923, 2999491)"
616,115,Ukraine,Ukraine,f,t,t,600415,476167,7292,25,UA,"c(5685923, 2999491)"
617,115,Ukraine,Ukraine,f,t,t,600415,476167,7292,25,UA,"c(5785923, 2999491)"
618,115,Ukraine,Ukraine,f,t,t,600415,476167,7292,25,UA,"c(5885923, 2999491)"
619,115,Ukraine,Ukraine,f,t,t,600415,476167,7292,25,UA,"c(5985923, 2999491)"
620,115,Ukraine,Ukraine,f,t,t,600415,476167,7292,25,UA,"c(6085923, 2999491)"
621,115,Ukraine,Ukraine,f,t,t,600415,476167,7292,25,UA,"c(6185923, 2999491)"
622,115,Ukraine,Ukraine,f,t,t,600415,476167,7292,25,UA,"c(6285923, 2999491)"
651,115,Ukraine,Ukraine,f,t,t,600415,476167,7292,25,UA,"c(5285923, 3099491)"
652,115,Ukraine,Ukraine,f,t,t,600415,476167,7292,25,UA,"c(5385923, 3099491)"
653,115,Ukraine,Ukraine,f,t,t,600415,476167,7292,25,UA,"c(5485923, 3099491)"
654,115,Ukraine,Ukraine,f,t,t,600415,476167,7292,25,UA,"c(5585923, 3099491)"
655,115,Ukraine,Ukraine,f,t,t,600415,476167,7292,25,UA,"c(5685923, 3099491)"
656,115,Ukraine,Ukraine,f,t,t,600415,476167,7292,25,UA,"c(5785923, 3099491)"
657,115,Ukraine,Ukraine,f,t,t,600415,476167,7292,25,UA,"c(5885923, 3099491)"
658,115,Ukraine,Ukraine,f,t,t,600415,476167,7292,25,UA,"c(5985923, 3099491)"
659,115,Ukraine,Ukraine,f,t,t,600415,476167,7292,25,UA,"c(6085923, 3099491)"
660,115,Ukraine,Ukraine,f,t,t,600415,476167,7292,25,UA,"c(6185923, 3099491)"
661,115,Ukraine,Ukraine,f,t,t,600415,476167,7292,25,UA,"c(6285923, 3099491)"
662,115,Ukraine,Ukraine,f,t,t,600415,476167,7292,25,UA,"c(6385923, 3099491)"
691,115,Ukraine,Ukraine,f,t,t,600415,476167,7292,25,UA,"c(5385923, 3199491)"
692,115,Ukraine,Ukraine,f,t,t,600415,476167,7292,25,UA,"c(5485923, 3199491)"
693,115,Ukraine,Ukraine,f,t,t,600415,476167,7292,25,UA,"c(5585923, 3199491)"
694,115,Ukraine,Ukraine,f,t,t,600415,476167,7292,25,UA,"c(5685923, 3199491)"
695,115,Ukraine,Ukraine,f,t,t,600415,476167,7292,25,UA,"c(5785923, 3199491)"
696,115,Ukraine,Ukraine,f,t,t,600415,476167,7292,25,UA,"c(5885923, 3199491)"
697,115,Ukraine,Ukraine,f,t,t,600415,476167,7292,25,UA,"c(5985923, 3199491)"
698,115,Ukraine,Ukraine,f,t,t,600415,476167,7292,25,UA,"c(6085923, 3199491)"
699,115,Ukraine,Ukraine,f,t,t,600415,476167,7292,25,UA,"c(6185923, 3199491)"
700,115,Ukraine,Ukraine,f,t,t,600415,476167,7292,25,UA,"c(6285923, 3199491)"
701,115,Ukraine,Ukraine,f,t,t,600415,476167,7292,25,UA,"c(6385923, 3199491)"
730,115,Ukraine,Ukraine,f,t,t,600415,476167,7292,25,UA,"c(5385923, 3299491)"
731,115,Ukraine,Ukraine,f,t,t,600415,476167,7292,25,UA,"c(5485923, 3299491)"
732,115,Ukraine,Ukraine,f,t,t,600415,476167,7292,25,UA,"c(5585923, 3299491)"
733,115,Ukraine,Ukraine,f,t,t,600415,476167,7292,25,UA,"c(5685923, 3299491)"
734,115,Ukraine,Ukraine,f,t,t,600415,476167,7292,25,UA,"c(5785923, 3299491)"
735,115,Ukraine,Ukraine,f,t,t,600415,476167,7292,25,UA,"c(5885923, 3299491)"
736,115,Ukraine,Ukraine,f,t,t,600415,476167,7292,25,UA,"c(5985923, 3299491)"
737,115,Ukraine,Ukraine,f,t,t,600415,476167,7292,25,UA,"c(6085923, 3299491)"
738,115,Ukraine,Ukraine,f,t,t,600415,476167,7292,25,UA,"c(6185923, 3299491)"
739,115,Ukraine,Ukraine,f,t,t,600415,476167,7292,25,UA,"c(6285923, 3299491)"
740,115,Ukraine,Ukraine,f,t,t,600415,476167,7292,25,UA,"c(6385923, 3299491)"
773,115,Ukraine,Ukraine,f,t,t,600415,476167,7292,25,UA,"c(5785923, 3399491)"
774,115,Ukraine,Ukraine,f,t,t,600415,476167,7292,25,UA,"c(5885923, 3399491)"
775,115,Ukraine,Ukraine,f,t,t,600415,476167,7292,25,UA,"c(5985923, 3399491)"
813,115,Ukraine,Ukraine,f,t,t,600415,476167,7292,25,UA,"c(5885923, 3499491)"
221,124,Albania,Albania,f,t,t,28675,7474,12010,1,AL,"c(5185923, 1999491)"
260,124,Albania,Albania,f,t,t,28675,7474,12010,1,AL,"c(5185923, 2099491)"
417,213,Romania,Romania,f,t,t,238114,111678,98357,41,RO,"c(5285923, 2499491)"
418,213,Romania,Romania,f,t,t,238114,111678,98357,41,RO,"c(5385923, 2499491)"
419,213,Romania,Romania,f,t,t,238114,111678,98357,41,RO,"c(5485923, 2499491)"
420,213,Romania,Romania,f,t,t,238114,111678,98357,41,RO,"c(5585923, 2499491)"
421,213,Romania,Romania,f,t,t,238114,111678,98357,41,RO,"c(5685923, 2499491)"
422,213,Romania,Romania,f,t,t,238114,111678,98357,41,RO,"c(5785923, 2499491)"
455,213,Romania,Romania,f,t,t,238114,111678,98357,41,RO,"c(5185923, 2599491)"
456,213,Romania,Romania,f,t,t,238114,111678,98357,41,RO,"c(5285923, 2599491)"
457,213,Romania,Romania,f,t,t,238114,111678,98357,41,RO,"c(5385923, 2599491)"
458,213,Romania,Romania,f,t,t,238114,111678,98357,41,RO,"c(5485923, 2599491)"
459,213,Romania,Romania,f,t,t,238114,111678,98357,41,RO,"c(5585923, 2599491)"
460,213,Romania,Romania,f,t,t,238114,111678,98357,41,RO,"c(5685923, 2599491)"
461,213,Romania,Romania,f,t,t,238114,111678,98357,41,RO,"c(5785923, 2599491)"
495,213,Romania,Romania,f,t,t,238114,111678,98357,41,RO,"c(5285923, 2699491)"
496,213,Romania,Romania,f,t,t,238114,111678,98357,41,RO,"c(5385923, 2699491)"
497,213,Romania,Romania,f,t,t,238114,111678,98357,41,RO,"c(5485923, 2699491)"
498,213,Romania,Romania,f,t,t,238114,111678,98357,41,RO,"c(5585923, 2699491)"
499,213,Romania,Romania,f,t,t,238114,111678,98357,41,RO,"c(5685923, 2699491)"
534,213,Romania,Romania,f,t,t,238114,111678,98357,41,RO,"c(5285923, 2799491)"
535,213,Romania,Romania,f,t,t,238114,111678,98357,41,RO,"c(5385923, 2799491)"
536,213,Romania,Romania,f,t,t,238114,111678,98357,41,RO,"c(5485923, 2799491)"
537,213,Romania,Romania,f,t,t,238114,111678,98357,41,RO,"c(5585923, 2799491)"
538,213,Romania,Romania,f,t,t,238114,111678,98357,41,RO,"c(5685923, 2799491)"
576,213,Romania,Romania,f,t,t,238114,111678,98357,41,RO,"c(5585923, 2899491)"
523,198,Germany,Germany,f,t,t,356600,140762,179945,16,DE,"c(4185923, 2799491)"
524,198,Germany,Germany,f,t,t,356600,140762,179945,16,DE,"c(4285923, 2799491)"
525,198,Germany,Germany,f,t,t,356600,140762,179945,16,DE,"c(4385923, 2799491)"
526,198,Germany,Germany,f,t,t,356600,140762,179945,16,DE,"c(4485923, 2799491)"
561,198,Germany,Germany,f,t,t,356600,140762,179945,16,DE,"c(4085923, 2899491)"
562,198,Germany,Germany,f,t,t,356600,140762,179945,16,DE,"c(4185923, 2899491)"
563,198,Germany,Germany,f,t,t,356600,140762,179945,16,DE,"c(4285923, 2899491)"
564,198,Germany,Germany,f,t,t,356600,140762,179945,16,DE,"c(4385923, 2899491)"
565,198,Germany,Germany,f,t,t,356600,140762,179945,16,DE,"c(4485923, 2899491)"
600,198,Germany,Germany,f,t,t,356600,140762,179945,16,DE,"c(4085923, 2999491)"
601,198,Germany,Germany,f,t,t,356600,140762,179945,16,DE,"c(4185923, 2999491)"
602,198,Germany,Germany,f,t,t,356600,140762,179945,16,DE,"c(4285923, 2999491)"
603,198,Germany,Germany,f,t,t,356600,140762,179945,16,DE,"c(4385923, 2999491)"
639,198,Germany,Germany,f,t,t,356600,140762,179945,16,DE,"c(4085923, 3099491)"
640,198,Germany,Germany,f,t,t,356600,140762,179945,16,DE,"c(4185923, 3099491)"
641,198,Germany,Germany,f,t,t,356600,140762,179945,16,DE,"c(4285923, 3099491)"
642,198,Germany,Germany,f,t,t,356600,140762,179945,16,DE,"c(4385923, 3099491)"
643,198,Germany,Germany,f,t,t,356600,140762,179945,16,DE,"c(4485923, 3099491)"
644,198,Germany,Germany,f,t,t,356600,140762,179945,16,DE,"c(4585923, 3099491)"
678,198,Germany,Germany,f,t,t,356600,140762,179945,16,DE,"c(4085923, 3199491)"
679,198,Germany,Germany,f,t,t,356600,140762,179945,16,DE,"c(4185923, 3199491)"
680,198,Germany,Germany,f,t,t,356600,140762,179945,16,DE,"c(4285923, 3199491)"
681,198,Germany,Germany,f,t,t,356600,140762,179945,16,DE,"c(4385923, 3199491)"
682,198,Germany,Germany,f,t,t,356600,140762,179945,16,DE,"c(4485923, 3199491)"
683,198,Germany,Germany,f,t,t,356600,140762,179945,16,DE,"c(4585923, 3199491)"
718,198,Germany,Germany,f,t,t,356600,140762,179945,16,DE,"c(4185923, 3299491)"
719,198,Germany,Germany,f,t,t,356600,140762,179945,16,DE,"c(4285923, 3299491)"
720,198,Germany,Germany,f,t,t,356600,140762,179945,16,DE,"c(4385923, 3299491)"
721,198,Germany,Germany,f,t,t,356600,140762,179945,16,DE,"c(4485923, 3299491)"
722,198,Germany,Germany,f,t,t,356600,140762,179945,16,DE,"c(4585923, 3299491)"
757,198,Germany,Germany,f,t,t,356600,140762,179945,16,DE,"c(4185923, 3399491)"
759,198,Germany,Germany,f,t,t,356600,140762,179945,16,DE,"c(4385923, 3399491)"
760,198,Germany,Germany,f,t,t,356600,140762,179945,16,DE,"c(4485923, 3399491)"
761,198,Germany,Germany,f,t,t,356600,140762,179945,16,DE,"c(4585923, 3399491)"
797,198,Germany,Germany,f,t,t,356600,140762,179945,16,DE,"c(4285923, 3499491)"
599,127,Belgium,Belgium,f,t,t,30667,14070,12188,2,BE,"c(3985923, 2999491)"
637,127,Belgium,Belgium,f,t,t,30667,14070,12188,2,BE,"c(3885923, 3099491)"
638,127,Belgium,Belgium,f,t,t,30667,14070,12188,2,BE,"c(3985923, 3099491)"
298,194,Montenegro,Montenegro,f,t,t,13775,1936,3663,1,ME,"c(5085923, 2199491)"
337,194,Montenegro,Montenegro,f,t,t,13775,1936,3663,1,ME,"c(5085923, 2299491)"
677,139,Netherlands,Netherlands,f,t,t,34794,13893,16102,1,NL,"c(3985923, 3199491)"
716,139,Netherlands,Netherlands,f,t,t,34794,13893,16102,1,NL,"c(3985923, 3299491)"
717,139,Netherlands,Netherlands,f,t,t,34794,13893,16102,1,NL,"c(4085923, 3299491)"
450,153,Slovenia,Slovenia,f,t,t,20320,5881,5668,1,SI,"c(4685923, 2599491)"
451,153,Slovenia,Slovenia,f,t,t,20320,5881,5668,1,SI,"c(4785923, 2599491)"
486,147,Austria,Austria,f,t,t,83962,19908,35988,9,AT,"c(4385923, 2699491)"
487,147,Austria,Austria,f,t,t,83962,19908,35988,9,AT,"c(4485923, 2699491)"
488,147,Austria,Austria,f,t,t,83962,19908,35988,9,AT,"c(4585923, 2699491)"
489,147,Austria,Austria,f,t,t,83962,19908,35988,9,AT,"c(4685923, 2699491)"
490,147,Austria,Austria,f,t,t,83962,19908,35988,9,AT,"c(4785923, 2699491)"
527,147,Austria,Austria,f,t,t,83962,19908,35988,9,AT,"c(4585923, 2799491)"
528,147,Austria,Austria,f,t,t,83962,19908,35988,9,AT,"c(4685923, 2799491)"
529,147,Austria,Austria,f,t,t,83962,19908,35988,9,AT,"c(4785923, 2799491)"
60,172,Italy,Italy,f,t,t,301043,152868,52358,20,IT,"c(4685923, 1599491)"
133,172,Italy,Italy,f,t,t,301043,152868,52358,20,IT,"c(4185923, 1799491)"
140,172,Italy,Italy,f,t,t,301043,152868,52358,20,IT,"c(4885923, 1799491)"
173,172,Italy,Italy,f,t,t,301043,152868,52358,20,IT,"c(4285923, 1899491)"
178,172,Italy,Italy,f,t,t,301043,152868,52358,20,IT,"c(4785923, 1899491)"
179,172,Italy,Italy,f,t,t,301043,152868,52358,20,IT,"c(4885923, 1899491)"
216,172,Italy,Italy,f,t,t,301043,152868,52358,20,IT,"c(4685923, 1999491)"
217,172,Italy,Italy,f,t,t,301043,152868,52358,20,IT,"c(4785923, 1999491)"
218,172,Italy,Italy,f,t,t,301043,152868,52358,20,IT,"c(4885923, 1999491)"
254,172,Italy,Italy,f,t,t,301043,152868,52358,20,IT,"c(4585923, 2099491)"
255,172,Italy,Italy,f,t,t,301043,152868,52358,20,IT,"c(4685923, 2099491)"
256,172,Italy,Italy,f,t,t,301043,152868,52358,20,IT,"c(4785923, 2099491)"
291,172,Italy,Italy,f,t,t,301043,152868,52358,20,IT,"c(4385923, 2199491)"
292,172,Italy,Italy,f,t,t,301043,152868,52358,20,IT,"c(4485923, 2199491)"
293,172,Italy,Italy,f,t,t,301043,152868,52358,20,IT,"c(4585923, 2199491)"
330,172,Italy,Italy,f,t,t,301043,152868,52358,20,IT,"c(4385923, 2299491)"
331,172,Italy,Italy,f,t,t,301043,152868,52358,20,IT,"c(4485923, 2299491)"
366,172,Italy,Italy,f,t,t,301043,152868,52358,20,IT,"c(4085923, 2399491)"
367,172,Italy,Italy,f,t,t,301043,152868,52358,20,IT,"c(4185923, 2399491)"
368,172,Italy,Italy,f,t,t,301043,152868,52358,20,IT,"c(4285923, 2399491)"
369,172,Italy,Italy,f,t,t,301043,152868,52358,20,IT,"c(4385923, 2399491)"
370,172,Italy,Italy,f,t,t,301043,152868,52358,20,IT,"c(4485923, 2399491)"
405,172,Italy,Italy,f,t,t,301043,152868,52358,20,IT,"c(4085923, 2499491)"
406,172,Italy,Italy,f,t,t,301043,152868,52358,20,IT,"c(4185923, 2499491)"
407,172,Italy,Italy,f,t,t,301043,152868,52358,20,IT,"c(4285923, 2499491)"
408,172,Italy,Italy,f,t,t,301043,152868,52358,20,IT,"c(4385923, 2499491)"
409,172,Italy,Italy,f,t,t,301043,152868,52358,20,IT,"c(4485923, 2499491)"
447,172,Italy,Italy,f,t,t,301043,152868,52358,20,IT,"c(4385923, 2599491)"
448,172,Italy,Italy,f,t,t,301043,152868,52358,20,IT,"c(4485923, 2599491)"
449,172,Italy,Italy,f,t,t,301043,152868,52358,20,IT,"c(4585923, 2599491)"
922,158,Latvia,Latvia,f,t,t,64563,19529,24529,1,LV,"c(5085923, 3799491)"
923,158,Latvia,Latvia,f,t,t,64563,19529,24529,1,LV,"c(5185923, 3799491)"
924,158,Latvia,Latvia,f,t,t,64563,19529,24529,1,LV,"c(5285923, 3799491)"
925,158,Latvia,Latvia,f,t,t,64563,19529,24529,1,LV,"c(5385923, 3799491)"
962,158,Latvia,Latvia,f,t,t,64563,19529,24529,1,LV,"c(5185923, 3899491)"
963,158,Latvia,Latvia,f,t,t,64563,19529,24529,1,LV,"c(5285923, 3899491)"
964,158,Latvia,Latvia,f,t,t,64563,19529,24529,1,LV,"c(5385923, 3899491)"
530,174,Slovakia,Slovakia,f,t,t,49073,20709,11008,8,SK,"c(4885923, 2799491)"
570,174,Slovakia,Slovakia,f,t,t,49073,20709,11008,8,SK,"c(4985923, 2899491)"
571,174,Slovakia,Slovakia,f,t,t,49073,20709,11008,8,SK,"c(5085923, 2899491)"
572,174,Slovakia,Slovakia,f,t,t,49073,20709,11008,8,SK,"c(5185923, 2899491)"
729,2,Belarus,Belarus,f,t,t,207581,88553,2817,6,BY,"c(5285923, 3299491)"
768,2,Belarus,Belarus,f,t,t,207581,88553,2817,6,BY,"c(5285923, 3399491)"
769,2,Belarus,Belarus,f,t,t,207581,88553,2817,6,BY,"c(5385923, 3399491)"
770,2,Belarus,Belarus,f,t,t,207581,88553,2817,6,BY,"c(5485923, 3399491)"
771,2,Belarus,Belarus,f,t,t,207581,88553,2817,6,BY,"c(5585923, 3399491)"
772,2,Belarus,Belarus,f,t,t,207581,88553,2817,6,BY,"c(5685923, 3399491)"
807,2,Belarus,Belarus,f,t,t,207581,88553,2817,6,BY,"c(5285923, 3499491)"
808,2,Belarus,Belarus,f,t,t,207581,88553,2817,6,BY,"c(5385923, 3499491)"
809,2,Belarus,Belarus,f,t,t,207581,88553,2817,6,BY,"c(5485923, 3499491)"
810,2,Belarus,Belarus,f,t,t,207581,88553,2817,6,BY,"c(5585923, 3499491)"
811,2,Belarus,Belarus,f,t,t,207581,88553,2817,6,BY,"c(5685923, 3499491)"
847,2,Belarus,Belarus,f,t,t,207581,88553,2817,6,BY,"c(5385923, 3599491)"
848,2,Belarus,Belarus,f,t,t,207581,88553,2817,6,BY,"c(5485923, 3599491)"
849,2,Belarus,Belarus,f,t,t,207581,88553,2817,6,BY,"c(5585923, 3599491)"
850,2,Belarus,Belarus,f,t,t,207581,88553,2817,6,BY,"c(5685923, 3599491)"
851,2,Belarus,Belarus,f,t,t,207581,88553,2817,6,BY,"c(5785923, 3599491)"
886,2,Belarus,Belarus,f,t,t,207581,88553,2817,6,BY,"c(5385923, 3699491)"
887,2,Belarus,Belarus,f,t,t,207581,88553,2817,6,BY,"c(5485923, 3699491)"
888,2,Belarus,Belarus,f,t,t,207581,88553,2817,6,BY,"c(5585923, 3699491)"
926,2,Belarus,Belarus,f,t,t,207581,88553,2817,6,BY,"c(5485923, 3799491)"
927,2,Belarus,Belarus,f,t,t,207581,88553,2817,6,BY,"c(5585923, 3799491)"
81,69,Spain,Spain,f,t,t,505810,229434,139836,17,ES,"c(2885923, 1699491)"
82,69,Spain,Spain,f,t,t,505810,229434,139836,17,ES,"c(2985923, 1699491)"
83,69,Spain,Spain,f,t,t,505810,229434,139836,17,ES,"c(3085923, 1699491)"
84,69,Spain,Spain,f,t,t,505810,229434,139836,17,ES,"c(3185923, 1699491)"
85,69,Spain,Spain,f,t,t,505810,229434,139836,17,ES,"c(3285923, 1699491)"
120,69,Spain,Spain,f,t,t,505810,229434,139836,17,ES,"c(2885923, 1799491)"
121,69,Spain,Spain,f,t,t,505810,229434,139836,17,ES,"c(2985923, 1799491)"
122,69,Spain,Spain,f,t,t,505810,229434,139836,17,ES,"c(3085923, 1799491)"
123,69,Spain,Spain,f,t,t,505810,229434,139836,17,ES,"c(3185923, 1799491)"
124,69,Spain,Spain,f,t,t,505810,229434,139836,17,ES,"c(3285923, 1799491)"
125,69,Spain,Spain,f,t,t,505810,229434,139836,17,ES,"c(3385923, 1799491)"
159,69,Spain,Spain,f,t,t,505810,229434,139836,17,ES,"c(2885923, 1899491)"
160,69,Spain,Spain,f,t,t,505810,229434,139836,17,ES,"c(2985923, 1899491)"
161,69,Spain,Spain,f,t,t,505810,229434,139836,17,ES,"c(3085923, 1899491)"
162,69,Spain,Spain,f,t,t,505810,229434,139836,17,ES,"c(3185923, 1899491)"
163,69,Spain,Spain,f,t,t,505810,229434,139836,17,ES,"c(3285923, 1899491)"
164,69,Spain,Spain,f,t,t,505810,229434,139836,17,ES,"c(3385923, 1899491)"
198,69,Spain,Spain,f,t,t,505810,229434,139836,17,ES,"c(2885923, 1999491)"
199,69,Spain,Spain,f,t,t,505810,229434,139836,17,ES,"c(2985923, 1999491)"
200,69,Spain,Spain,f,t,t,505810,229434,139836,17,ES,"c(3085923, 1999491)"
201,69,Spain,Spain,f,t,t,505810,229434,139836,17,ES,"c(3185923, 1999491)"
202,69,Spain,Spain,f,t,t,505810,229434,139836,17,ES,"c(3285923, 1999491)"
203,69,Spain,Spain,f,t,t,505810,229434,139836,17,ES,"c(3385923, 1999491)"
204,69,Spain,Spain,f,t,t,505810,229434,139836,17,ES,"c(3485923, 1999491)"
238,69,Spain,Spain,f,t,t,505810,229434,139836,17,ES,"c(2985923, 2099491)"
239,69,Spain,Spain,f,t,t,505810,229434,139836,17,ES,"c(3085923, 2099491)"
240,69,Spain,Spain,f,t,t,505810,229434,139836,17,ES,"c(3185923, 2099491)"
241,69,Spain,Spain,f,t,t,505810,229434,139836,17,ES,"c(3285923, 2099491)"
242,69,Spain,Spain,f,t,t,505810,229434,139836,17,ES,"c(3385923, 2099491)"
243,69,Spain,Spain,f,t,t,505810,229434,139836,17,ES,"c(3485923, 2099491)"
244,69,Spain,Spain,f,t,t,505810,229434,139836,17,ES,"c(3585923, 2099491)"
245,69,Spain,Spain,f,t,t,505810,229434,139836,17,ES,"c(3685923, 2099491)"
277,69,Spain,Spain,f,t,t,505810,229434,139836,17,ES,"c(2985923, 2199491)"
278,69,Spain,Spain,f,t,t,505810,229434,139836,17,ES,"c(3085923, 2199491)"
279,69,Spain,Spain,f,t,t,505810,229434,139836,17,ES,"c(3185923, 2199491)"
280,69,Spain,Spain,f,t,t,505810,229434,139836,17,ES,"c(3285923, 2199491)"
281,69,Spain,Spain,f,t,t,505810,229434,139836,17,ES,"c(3385923, 2199491)"
282,69,Spain,Spain,f,t,t,505810,229434,139836,17,ES,"c(3485923, 2199491)"
283,69,Spain,Spain,f,t,t,505810,229434,139836,17,ES,"c(3585923, 2199491)"
314,69,Spain,Spain,f,t,t,505810,229434,139836,17,ES,"c(2785923, 2299491)"
315,69,Spain,Spain,f,t,t,505810,229434,139836,17,ES,"c(2885923, 2299491)"
316,69,Spain,Spain,f,t,t,505810,229434,139836,17,ES,"c(2985923, 2299491)"
317,69,Spain,Spain,f,t,t,505810,229434,139836,17,ES,"c(3085923, 2299491)"
318,69,Spain,Spain,f,t,t,505810,229434,139836,17,ES,"c(3185923, 2299491)"
319,69,Spain,Spain,f,t,t,505810,229434,139836,17,ES,"c(3285923, 2299491)"
320,69,Spain,Spain,f,t,t,505810,229434,139836,17,ES,"c(3385923, 2299491)"
353,69,Spain,Spain,f,t,t,505810,229434,139836,17,ES,"c(2785923, 2399491)"
354,69,Spain,Spain,f,t,t,505810,229434,139836,17,ES,"c(2885923, 2399491)"
355,69,Spain,Spain,f,t,t,505810,229434,139836,17,ES,"c(2985923, 2399491)"
839,125,Sweden,Sweden,f,t,t,446711,36235,16239,21,SE,"c(4585923, 3599491)"
878,125,Sweden,Sweden,f,t,t,446711,36235,16239,21,SE,"c(4585923, 3699491)"
879,125,Sweden,Sweden,f,t,t,446711,36235,16239,21,SE,"c(4685923, 3699491)"
916,125,Sweden,Sweden,f,t,t,446711,36235,16239,21,SE,"c(4485923, 3799491)"
917,125,Sweden,Sweden,f,t,t,446711,36235,16239,21,SE,"c(4585923, 3799491)"
918,125,Sweden,Sweden,f,t,t,446711,36235,16239,21,SE,"c(4685923, 3799491)"
955,125,Sweden,Sweden,f,t,t,446711,36235,16239,21,SE,"c(4485923, 3899491)"
956,125,Sweden,Sweden,f,t,t,446711,36235,16239,21,SE,"c(4585923, 3899491)"
957,125,Sweden,Sweden,f,t,t,446711,36235,16239,21,SE,"c(4685923, 3899491)"
994,125,Sweden,Sweden,f,t,t,446711,36235,16239,21,SE,"c(4485923, 3999491)"
995,125,Sweden,Sweden,f,t,t,446711,36235,16239,21,SE,"c(4585923, 3999491)"
996,125,Sweden,Sweden,f,t,t,446711,36235,16239,21,SE,"c(4685923, 3999491)"
1033,125,Sweden,Sweden,f,t,t,446711,36235,16239,21,SE,"c(4485923, 4099491)"
1034,125,Sweden,Sweden,f,t,t,446711,36235,16239,21,SE,"c(4585923, 4099491)"
1035,125,Sweden,Sweden,f,t,t,446711,36235,16239,21,SE,"c(4685923, 4099491)"
1036,125,Sweden,Sweden,f,t,t,446711,36235,16239,21,SE,"c(4785923, 4099491)"
1072,125,Sweden,Sweden,f,t,t,446711,36235,16239,21,SE,"c(4485923, 4199491)"
1073,125,Sweden,Sweden,f,t,t,446711,36235,16239,21,SE,"c(4585923, 4199491)"
1074,125,Sweden,Sweden,f,t,t,446711,36235,16239,21,SE,"c(4685923, 4199491)"
1111,125,Sweden,Sweden,f,t,t,446711,36235,16239,21,SE,"c(4485923, 4299491)"
1112,125,Sweden,Sweden,f,t,t,446711,36235,16239,21,SE,"c(4585923, 4299491)"
1113,125,Sweden,Sweden,f,t,t,446711,36235,16239,21,SE,"c(4685923, 4299491)"
1150,125,Sweden,Sweden,f,t,t,446711,36235,16239,21,SE,"c(4485923, 4399491)"
1151,125,Sweden,Sweden,f,t,t,446711,36235,16239,21,SE,"c(4585923, 4399491)"
1152,125,Sweden,Sweden,f,t,t,446711,36235,16239,21,SE,"c(4685923, 4399491)"
1189,125,Sweden,Sweden,f,t,t,446711,36235,16239,21,SE,"c(4485923, 4499491)"
1190,125,Sweden,Sweden,f,t,t,446711,36235,16239,21,SE,"c(4585923, 4499491)"
1191,125,Sweden,Sweden,f,t,t,446711,36235,16239,21,SE,"c(4685923, 4499491)"
1229,125,Sweden,Sweden,f,t,t,446711,36235,16239,21,SE,"c(4585923, 4599491)"
1230,125,Sweden,Sweden,f,t,t,446711,36235,16239,21,SE,"c(4685923, 4599491)"
1231,125,Sweden,Sweden,f,t,t,446711,36235,16239,21,SE,"c(4785923, 4599491)"
1268,125,Sweden,Sweden,f,t,t,446711,36235,16239,21,SE,"c(4585923, 4699491)"
1269,125,Sweden,Sweden,f,t,t,446711,36235,16239,21,SE,"c(4685923, 4699491)"
1270,125,Sweden,Sweden,f,t,t,446711,36235,16239,21,SE,"c(4785923, 4699491)"
1307,125,Sweden,Sweden,f,t,t,446711,36235,16239,21,SE,"c(4585923, 4799491)"
1308,125,Sweden,Sweden,f,t,t,446711,36235,16239,21,SE,"c(4685923, 4799491)"
1309,125,Sweden,Sweden,f,t,t,446711,36235,16239,21,SE,"c(4785923, 4799491)"
1310,125,Sweden,Sweden,f,t,t,446711,36235,16239,21,SE,"c(4885923, 4799491)"
1347,125,Sweden,Sweden,f,t,t,446711,36235,16239,21,SE,"c(4685923, 4899491)"
1348,125,Sweden,Sweden,f,t,t,446711,36235,16239,21,SE,"c(4785923, 4899491)"
1349,125,Sweden,Sweden,f,t,t,446711,36235,16239,21,SE,"c(4885923, 4899491)"
1386,125,Sweden,Sweden,f,t,t,446711,36235,16239,21,SE,"c(4685923, 4999491)"
1387,125,Sweden,Sweden,f,t,t,446711,36235,16239,21,SE,"c(4785923, 4999491)"
1388,125,Sweden,Sweden,f,t,t,446711,36235,16239,21,SE,"c(4885923, 4999491)"
1426,125,Sweden,Sweden,f,t,t,446711,36235,16239,21,SE,"c(4785923, 5099491)"
118,162,Portugal,Portugal,f,t,t,91283,41260,7544,1,PT,"c(2685923, 1799491)"
119,162,Portugal,Portugal,f,t,t,91283,41260,7544,1,PT,"c(2785923, 1799491)"
158,162,Portugal,Portugal,f,t,t,91283,41260,7544,1,PT,"c(2785923, 1899491)"
196,162,Portugal,Portugal,f,t,t,91283,41260,7544,1,PT,"c(2685923, 1999491)"
197,162,Portugal,Portugal,f,t,t,91283,41260,7544,1,PT,"c(2785923, 1999491)"
236,162,Portugal,Portugal,f,t,t,91283,41260,7544,1,PT,"c(2785923, 2099491)"
237,162,Portugal,Portugal,f,t,t,91283,41260,7544,1,PT,"c(2885923, 2099491)"
275,162,Portugal,Portugal,f,t,t,91283,41260,7544,1,PT,"c(2785923, 2199491)"
276,162,Portugal,Portugal,f,t,t,91283,41260,7544,1,PT,"c(2885923, 2199491)"
745,167,Ireland,Ireland,f,t,t,69361,8686,54169,1,IE,"c(2985923, 3399491)"
746,167,Ireland,Ireland,f,t,t,69361,8686,54169,1,IE,"c(3085923, 3399491)"
747,167,Ireland,Ireland,f,t,t,69361,8686,54169,1,IE,"c(3185923, 3399491)"
785,167,Ireland,Ireland,f,t,t,69361,8686,54169,1,IE,"c(3085923, 3499491)"
786,167,Ireland,Ireland,f,t,t,69361,8686,54169,1,IE,"c(3185923, 3499491)"
824,167,Ireland,Ireland,f,t,t,69361,8686,54169,1,IE,"c(3085923, 3599491)"
864,167,Ireland,Ireland,f,t,t,69361,8686,54169,1,IE,"c(3185923, 3699491)"
